"KELUR VILLAGE S.R NO 277/4 LAND KADI QURIYALL, KELUR VILLAGE S.R NO 277/4 LAND KADI QURIYALL",8,2016
"In Shivapur Cross, In Shivapur Cross",9,2016
"Niralakeri Village accused farms house, Niralakeri Village accused farms house",9,2016
"Raichur Belagavi Road In Benakatti Cross, Raichur Belagavi Road In Benakatti Cross",9,2020
"Gururaj hadimani Farm House At Honnakatti Village, Gururaj hadimani Farm House At Honnakatti Village",1,2022
"ILKAL NEAR SVM COLLAGE FRONT, ILKAL NEAR SVM COLLAGE FRONT",8,2016
"ILKAL IN BASAVESWAR CIRCLE, ILKAL IN BASAVESWAR CIRCLE",1,2024
"ON KAGALAGOMBA KERUR ROAD NEAR KAGALAGOMBA VILLAGE, ON KAGALAGOMBA KERUR ROAD NEAR KAGALAGOMBA VILLAGE",11,2016
"Belagali Limits, Heggannavar Kodi Area, Belagali Limits, Heggannavar Kodi Area",4,2023
"Belagali Town near Mahalingeshwar Temple, Belagali Town near Mahalingeshwar Temple",10,2023
"Malapur Village Near Narayan School Compound, Malapur Village Near Narayan School Compound",10,2023
"Vidyagiri 8 th Cross In Accused House, Vidyagiri 8 th Cross In Accused House",10,2023
"In Savalagi Village Limits Rahimatbeg Ameerbeg, In Savalagi Village Limits Rahimatbeg Ameerbeg",9,2020
"BESIDE KAVIT WINES JALIBENCHI NAGIREDDY HOUSE, BESIDE KAVIT WINES JALIBENCHI NAGIREDDY HOUSE",10,2023
"GUGGRAHATTI, GUGGRAHATTI",11,2023
"Kottur Swamy Matt Complexes ,, Kottur Swamy Matt Complexes ,",10,2016
"ACCUSED HOUSE'S, NEAR ANJENEYA SWAMY TEMPLE,, ACCUSED HOUSE'S, NEAR ANJENEYA SWAMY TEMPLE,",10,2016
"Infront Of M.G.Petrol Bunk, Infront Of M.G.Petrol Bunk",10,2016
"BENGALORE ROAD, SHREE SAI GENERAL STORE SHOP, BENGALORE ROAD, SHREE SAI GENERAL STORE SHOP",10,2023
"At Public Road, Near Sai baba temple,, At Public Road, Near Sai baba temple,",10,2023
"Servy No 674 Land Choranuru village, Servy No 674 Land Choranuru village",3,2023
"Cowlbazar Market, Cowlbazar, Cowlbazar Market, Cowlbazar",10,2016
"Cowlbazar Market, Cowlbazar Market",10,2016
"In Vasavi Traders Shop, 8th ward, S N Pate, In Vasavi Traders Shop, 8th ward, S N Pate",10,2023
"IN RAJASHEKHAR'S SHOP, NEAR SRI NAGANATHESHWAR, IN RAJASHEKHAR'S SHOP, NEAR SRI NAGANATHESHWAR",10,2023
"IN MAREGOUDA'S GODOWN, KURUGODU-SIRIGERI ROAD,, IN MAREGOUDA'S GODOWN, KURUGODU-SIRIGERI ROAD,",10,2023
"INSIDE UC VENKATESHASHETTY GENERAL STORES, INSIDE UC VENKATESHASHETTY GENERAL STORES",10,2023
"INSIDE MULLURU SHESHAYYASHETTY GOWDAN, INSIDE MULLURU SHESHAYYASHETTY GOWDAN",10,2023
"INSIDE JAINULLA ABHIDDIN GOWDEN, INSIDE JAINULLA ABHIDDIN GOWDEN",10,2023
"Parvathi Agenies Godown, Parvathi Agenies Godown",10,2023
"13th Ward in ShekannaD Goden, 13th Ward in ShekannaD Goden",10,2023
"Kalanatti Village, Kalanatti Village",7,2016
"H.No.381, Ganeshapur,, H.No.381, Ganeshapur,",10,2023
"HONAGA VILLAGE LIMITS, HONAGA VILLAGE LIMITS",3,2021
"TELASANG LIMITS SHIVARAM LOKANDE LAND, TELASANG LIMITS SHIVARAM LOKANDE LAND",2,2021
"DESARATTI VILLAGE LIMITS ATHANI VIJAYAPUR ROAD, DESARATTI VILLAGE LIMITS ATHANI VIJAYAPUR ROAD",1,2022
"IN HASAN ABBAS BIRADAR LAND PARTHANALLI, IN HASAN ABBAS BIRADAR LAND PARTHANALLI",10,2020
"Madabavi Village Limits Near Ambedkar Circ, Madabavi Village Limits Near Ambedkar Circ",7,2021
"Anantapur Village Limits, Anantapur Village Limits",10,2023
"Amatur Village, Amatur Village",10,2023
"DADIWALE NEW PLOTS, RAMANAGAR, DADIWALE NEW PLOTS, RAMANAGAR",2,2017
"Hattarawat Village, Hattarawat Village",2,2021
"Pete Oni General Kirani Store At:Doddawad, Pete Oni General Kirani Store At:Doddawad",10,2023
"Godachinamalki village Near markandeya river, Godachinamalki village Near markandeya river",10,2020
"HARUGGERI TOWN LIMTS, HARUGGERI TOWN LIMTS",10,2023
"IN PANIWALE RCC BUILDING DURGA NAGAR, IN PANIWALE RCC BUILDING DURGA NAGAR",9,2018
"Stone Crusher, Amate Village Limits, Stone Crusher, Amate Village Limits",2,2021
"Mahantesh General Store Bazar Pet Parishwad, Mahantesh General Store Bazar Pet Parishwad",10,2023
"At : M K Hubli, At : M K Hubli",10,2023
"Morab Village Limits, Morab Village Limits",6,2021
"PI ISD Unit Belgavi, PI ISD Unit Belgavi",1,2021
"Honkuppi Village Limits, Honkuppi Village Limits",2,2021
"Vaderahatti Villege, Vaderahatti Villege",9,2022
"Nirvani Kirani store near Gandhichouk Mudalagi, Nirvani Kirani store near Gandhichouk Mudalagi",10,2023
"SATTIGERI VILLAGE LIMITS SAINATH STONE CRUSHR, SATTIGERI VILLAGE LIMITS SAINATH STONE CRUSHR",12,2020
"NANDAGAD VILLEGE LIMIT KAMASHETTI SHOP, NANDAGAD VILLEGE LIMIT KAMASHETTI SHOP",9,2018
"NEAR MACHIGAD VILLAGE, NEAR MACHIGAD VILLAGE",11,2020
"DEMINAKOPP VILLAGE LIMITS, DEMINAKOPP VILLAGE LIMITS",10,2022
"At: Itagi Village Limits, At: Itagi Village Limits",10,2023
"Kodni village limits near indian oil petrol pump, Kodni village limits near indian oil petrol pump",2,2023
"Kunnur village limits, Kunnur village limits",10,2023
"Biranal Limits Ganapati Uppar Cruser Mission Kari, Biranal Limits Ganapati Uppar Cruser Mission Kari",8,2020
"GALATAGA VILLAGE, GALATAGA VILLAGE",2,2017
"BHOJ VILLAGE LIMITS NEAR KARADAGA BRIDGE, BHOJ VILLAGE LIMITS NEAR KARADAGA BRIDGE",4,2021
"Construction School Building, Kuvempu Road,, Construction School Building, Kuvempu Road,",3,2023
"No.1423, Sy.No.47/2,Gidadakonenahalli,Vishwaneedam, No.1423, Sy.No.47/2,Gidadakonenahalli,Vishwaneedam",11,2023
"Mittiganahalli Bande, Mittiganahalli Bande",5,2016
"survey No17/9, Yellukunte Mangammanapalya, survey No17/9, Yellukunte Mangammanapalya",10,2023
"Survey No 17/9, 17/10, A 17/10B, 18/11, Yellukunte, Survey No 17/9, 17/10, A 17/10B, 18/11, Yellukunte",10,2023
"#79/1, 1st Floor, Beside S.L.V Coffee Corner,, #79/1, 1st Floor, Beside S.L.V Coffee Corner,",10,2023
"SITE.NO.71, 3RD CROSS, SITE.NO.71, 3RD CROSS",7,2017
"SURVEY NO-33 MANA PROJECT PVT LTD,, SURVEY NO-33 MANA PROJECT PVT LTD,",10,2022
"Nagaraj Trading, 10th Cross, 5th Main,, Nagaraj Trading, 10th Cross, 5th Main,",10,2023
"SHYAM FANCY STORE, OPPOSITE TO VENKATESHWARA, SHYAM FANCY STORE, OPPOSITE TO VENKATESHWARA",11,2023
"METRO RAILWAY STATION,NAYANDAHALLI,, METRO RAILWAY STATION,NAYANDAHALLI,",2,2016
"Adjacent Rekha Chemical Factory,No.29/30, 1st Main, Adjacent Rekha Chemical Factory,No.29/30, 1st Main",11,2020
"Infront of Rekha Industries company, A street, Infront of Rekha Industries company, A street",11,2020
"Metturu lagistic, Near royan corcle, Metturu lagistic, Near royan corcle",12,2023
"NEAR APOLLO SCHOOL,100 FEET RING ROAD,, NEAR APOLLO SCHOOL,100 FEET RING ROAD,",12,2016
"SY NO-179,177/3, 178/1, 178/2, 178/3 , 34/1,34/2,, SY NO-179,177/3, 178/1, 178/2, 178/3 , 34/1,34/2,",7,2023
"Nagaraj Trading Fire works godowns and shops, Nagaraj Trading Fire works godowns and shops",10,2023
"Cubatic Auster Company, Cubatic Auster Company",9,2020
"Gandhi Chouka, Gandhi Chouka",10,2023
"RAMESH RENT HOUSE BODUGUTTE BANDE MYLSANDRA, RAMESH RENT HOUSE BODUGUTTE BANDE MYLSANDRA",11,2019
"Sarvey No.65, Singasandra, Beguru Hobli, Sarvey No.65, Singasandra, Beguru Hobli",10,2023
"TIRUMALA PLASTIC AND GIFT CENTER, HOSAKEREHALLI, TIRUMALA PLASTIC AND GIFT CENTER, HOSAKEREHALLI",11,2023
"KAMADENU LADIES EMPORIUM, HOSAKEREHALLI MAIN ROAD,, KAMADENU LADIES EMPORIUM, HOSAKEREHALLI MAIN ROAD,",11,2023
"0NANJUDESHWAR STORS 1ST MAIN ROAD RUSHIKESHI NAGAR, 0NANJUDESHWAR STORS 1ST MAIN ROAD RUSHIKESHI NAGAR",11,2023
"1ST CROSS, 1ST CROSS",7,2018
"HON'BLE CCH 33RD CROUT CITY CIVIL COURT, HON'BLE CCH 33RD CROUT CITY CIVIL COURT",10,2020
"No.11/2, Behind Surya Sypony Apt, No.11/2, Behind Surya Sypony Apt",10,2023
"No.104, Near Shiva temple, No.104, Near Shiva temple",11,2023
"10th Cross, Arafath Nagar, 10th Cross, Arafath Nagar",1,2016
"No-236/3, 5th A Cross, New Tippasandra Road,, No-236/3, 5th A Cross, New Tippasandra Road,",10,2023
"6th Cross, 6th Cross",11,2023
"New Tippasandra Main Road, New Tippasandra Main Road",11,2023
"Opp Family Dental Care And Implant Clinic, Opp Family Dental Care And Implant Clinic",11,2023
"6th Cross, 6th Cross",11,2023
"5th Cross, 5th Cross",11,2023
"NO-43/1, 1ST MAIN, HANUMAKKA LAYOUT,, NO-43/1, 1ST MAIN, HANUMAKKA LAYOUT,",10,2023
"ARSIS DEVELOPERS PVT.LTD. BESIDE POORVI HOTEL, ARSIS DEVELOPERS PVT.LTD. BESIDE POORVI HOTEL",8,2017
"LAVANYA STORE, KUMBAR BEEDI, LAVANYA STORE, KUMBAR BEEDI",10,2023
"SURVY  NO  6 AND 7, SURVY  NO  6 AND 7",10,2023
"Shrinidhi fancy store, Near PK Store, Shrinidhi fancy store, Near PK Store",10,2023
"no.909, geetha provision store,sri krishna complex, no.909, geetha provision store,sri krishna complex",11,2023
"No.68, 3rd cross, Near Harsha school, No.68, 3rd cross, Near Harsha school",11,2023
"No.E-12, Minerva Mill Quatres, Magadi Road, No.E-12, Minerva Mill Quatres, Magadi Road",10,2016
"sy no 28 and sy no 89/3 mahadevpura village, sy no 28 and sy no 89/3 mahadevpura village",10,2023
"MANUNATH FANCY STORE, 1ST MAIN, MOHAN BAR NEAR, MANUNATH FANCY STORE, 1ST MAIN, MOHAN BAR NEAR",10,2023
"Kamalammana gundi ground, Kamalammana gundi ground",11,2020
"Chandrashekhar Azad Ground, Near Old BJP Office, Chandrashekhar Azad Ground, Near Old BJP Office",11,2020
"NO 293,1ST CROSS,VSS COLONY,, NO 293,1ST CROSS,VSS COLONY,",11,2018
"NO:31, 1st Cross, Parimala Nagar, NO:31, 1st Cross, Parimala Nagar",10,2017
"Sy.No.70,Near Matha Amrutha Mahi Collage,, Sy.No.70,Near Matha Amrutha Mahi Collage,",2,2017
"GANGANARASAIHA BUILDING, 1ST MAIN ROAD,, GANGANARASAIHA BUILDING, 1ST MAIN ROAD,",11,2023
"SERVY NO-130, NO-13, SERVY NO-130, NO-13",11,2023
"KOTTANNURU DINNE, KOTTANNURU DINNE",11,2023
"RAMAMANDIRA , VATAL NAGARAJU ROAD, 3RD BLOCK, RAMAMANDIRA , VATAL NAGARAJU ROAD, 3RD BLOCK",11,2020
"RAMAMANDIRA GROUND ,VATAL NAGARAJ ROAD,3RD BLOCK, RAMAMANDIRA GROUND ,VATAL NAGARAJ ROAD,3RD BLOCK",11,2020
"RAMAMANDIRA,VATAL NAGARAJ ROAD,3RD BLOCK, RAMAMANDIRA,VATAL NAGARAJ ROAD,3RD BLOCK",11,2020
"H No-124, 2D cross OMBR layout, H No-124, 2D cross OMBR layout",11,2018
"T C PALYA MAIN ROAD AKSHAY NAGAR, T C PALYA MAIN ROAD AKSHAY NAGAR",11,2023
"No-73,1st Floor,3rd Cross,Vinayak Layout, No-73,1st Floor,3rd Cross,Vinayak Layout",10,2023
"Krishnamurthy Rent House, Behind Gnana jyothi ,, Krishnamurthy Rent House, Behind Gnana jyothi ,",7,2023
"Opp.Filter Water Point, Kalluguddadhalli, Opp.Filter Water Point, Kalluguddadhalli",7,2023
"Near ITPL Building, Whitefield, Bangalore City, Near ITPL Building, Whitefield, Bangalore City",4,2019
"Nanjundeshwara Store, Opp Balakara Boys Hostel, Nanjundeshwara Store, Opp Balakara Boys Hostel",10,2023
"MM Traders Crackers Fireworks Shop  Attibele borde, MM Traders Crackers Fireworks Shop  Attibele borde",10,2023
"NM Raj Crackers Fireworks Shop, AttIbele border, NM Raj Crackers Fireworks Shop, AttIbele border",10,2023
"Limra Fireworks Shop, AttIbele border, Limra Fireworks Shop, AttIbele border",10,2023
"Satya Crackers Shop, Attibele border, Satya Crackers Shop, Attibele border",10,2023
"Mukesh Traders Fireworks Shop, Attibele border, Mukesh Traders Fireworks Shop, Attibele border",10,2023
"TrueValue Crackers Store, Attibele border, TrueValue Crackers Store, Attibele border",10,2023
"TrueValue Crackers Store, Attibele border, TrueValue Crackers Store, Attibele border",10,2023
"SHIVAPPA Crackers shop, Attibele border, SHIVAPPA Crackers shop, Attibele border",10,2023
"Priyank Traders Shop, Neralur village, Priyank Traders Shop, Neralur village",10,2023
"AS Crackers Shop Neralur village, AS Crackers Shop Neralur village",10,2023
"SNR Crackers Shop Neralur village, SNR Crackers Shop Neralur village",10,2023
"Sky Crackers shop, Neralur village, Sky Crackers shop, Neralur village",10,2023
"Lakshmi Venkateswara Traders Shop Neralur Village, Lakshmi Venkateswara Traders Shop Neralur Village",10,2023
"Kavin Crackers Shop Neralur village, Kavin Crackers Shop Neralur village",10,2023
"Divya Crackers Shop, Neralur village, Divya Crackers Shop, Neralur village",10,2023
"Abhi crackers shop, Neralur village, Abhi crackers shop, Neralur village",10,2023
"Annapurneshwari Crackers Shop, Neralur village, Annapurneshwari Crackers Shop, Neralur village",10,2023
"SLV Crackers Shop Neralur village, SLV Crackers Shop Neralur village",10,2023
"Neralur village survey no 31/8, Nagaratne Crackers, Neralur village survey no 31/8, Nagaratne Crackers",10,2023
"Bidiruguppe village survey no 353/2, Bidiruguppe village survey no 353/2",10,2023
"Hallehalli village survey no 73/1, Hallehalli village survey no 73/1",10,2023
"Vaddarapalya village, Vaddarapalya village",10,2023
"Halehalli village survey no 73/1  Factory shed, Halehalli village survey no 73/1  Factory shed",10,2023
"Chikkanahalli village survey no 34 shed, Chikkanahalli village survey no 34 shed",10,2023
"Chikkanahalli village survey no 27/1 Smt shobha, Chikkanahalli village survey no 27/1 Smt shobha",10,2023
"Nerlur village dinne, Raghavanagar, Maltesh house,, Nerlur village dinne, Raghavanagar, Maltesh house,",11,2023
"Munirajappa House Reddihalli Village, Munirajappa House Reddihalli Village",10,2023
"Kallanayakanahalli, Kallanayakanahalli",4,2019
"Makenahalli, Makenahalli",3,2021
"Vasavi Stationary and Genaral stores, Dobbaspete, Vasavi Stationary and Genaral stores, Dobbaspete",10,2023
"Priyadarshini Badavane, Palanajogihalli, Priyadarshini Badavane, Palanajogihalli",8,2020
"Kongadiyappa Main Road,  New Satkar Lodge, Ground, Kongadiyappa Main Road,  New Satkar Lodge, Ground",11,2023
"Near Sigepalya Village, Near Sigepalya Village",6,2020
"HEBBAGODI NAGARA SABHA LIMITS, NEAR HEBBAGODI BUS, HEBBAGODI NAGARA SABHA LIMITS, NEAR HEBBAGODI BUS",10,2023
"Arudi-Banuvati Road, Near Banuvati Cross, Arudi-Banuvati Road, Near Banuvati Cross",5,2016
"KALLAHALLI SERVE NO 138/13 LAND, KALLAHALLI SERVE NO 138/13 LAND",3,2021
"MAHANTHALINGAPURA VILLAGE, BALARBANDE VILLAGE,, MAHANTHALINGAPURA VILLAGE, BALARBANDE VILLAGE,",3,2021
"WARD NO-6 KHATA NO-2261/536/1NEAR PATALAMMA, WARD NO-6 KHATA NO-2261/536/1NEAR PATALAMMA",10,2023
"Sy No 25, Huluvanahalli, Nandagudi Hobli, Sy No 25, Huluvanahalli, Nandagudi Hobli",4,2016
"Sy No 25, Huluvanahalli, Nandagudi Hobli, Sy No 25, Huluvanahalli, Nandagudi Hobli",4,2016
"Beerahalli, Nandagudi Hobli, Beerahalli, Nandagudi Hobli",2,2017
"Lingapura Hettaki Vilalges Center Nandagudi Hobli, Lingapura Hettaki Vilalges Center Nandagudi Hobli",6,2020
"Hosakote Chinthamani SH82. Nandagudi Town, Hosakote Chinthamani SH82. Nandagudi Town",9,2021
"Serve NO 22/1. Chokkasandra village, Serve NO 22/1. Chokkasandra village",10,2022
"Serve no 49/1 chikkanahalli, Serve no 49/1 chikkanahalli",6,2023
"Land Of Ravindra Reddy and S Krishnaiah, Land Of Ravindra Reddy and S Krishnaiah",1,2022
"Ragavendra stores, Ragavendra stores",10,2023
"Vaibhava facny stores Pete beedi, Vaibhava facny stores Pete beedi",10,2023
"Sathayanarayana stores Pete beedi, Sathayanarayana stores Pete beedi",10,2023
"vaibhav creations shop Pete beedi, vaibhav creations shop Pete beedi",10,2023
"Sy No 28, Chandapur Village, Sy No 28, Chandapur Village",10,2023
"Sy No 33, Chandapur Village, Sy No 33, Chandapur Village",10,2023
"Tirumagondanahalli Village Sy No 78/2, Tirumagondanahalli Village Sy No 78/2",10,2023
"Sy No 29A, Chandapur Village, Sy No 29A, Chandapur Village",10,2023
"Sy No 29/6, Chandapur Village, Sy No 29/6, Chandapur Village",10,2023
"Sy No 29/A, Chandapur Village, Sy No 29/A, Chandapur Village",10,2023
"Sy No 29, Chandapur Village, Sy No 29, Chandapur Village",10,2023
"Sy No 26, Chandapur Village, Sy No 26, Chandapur Village",10,2023
"RAMASAGARA VILLAGE SY NO. 105/B,, RAMASAGARA VILLAGE SY NO. 105/B,",10,2023
"SY NO.105/2, CHANDAPURA, SY NO.105/2, CHANDAPURA",10,2023
"SY NO.105/1, CHANDAPURA, SY NO.105/1, CHANDAPURA",10,2023
"Sy No 28, Chandapur Village, Sy No 28, Chandapur Village",10,2023
"Kamarasahalli Village, Jadigenahalli Hobali, Kamarasahalli Village, Jadigenahalli Hobali",7,2022
"3rd Ward, Bharath Nagar, Vijayapura Town, 3rd Ward, Bharath Nagar, Vijayapura Town",10,2023
"Muddanayakanahalli Survey No-96/1, 96/2,, Muddanayakanahalli Survey No-96/1, 96/2,",3,2018
"Survey No 97 Land, Doddagollahalli Village,, Survey No 97 Land, Doddagollahalli Village,",10,2023
"APMC ROAD NEAR MADINA COMPLEX, APMC ROAD NEAR MADINA COMPLEX",8,2022
"Hachhikamat Village, Hachhikamat Village",8,2020
"G.K Construction, G.K Construction",2,2021
"Mustapur Cross Kallura Area, Mustapur Cross Kallura Area",2,2021
"Mustapur Cross Kallura Area Accused Land, Mustapur Cross Kallura Area Accused Land",2,2021
"DADDAPUR SHIVAR, DADDAPUR SHIVAR",2,2021
"Nadubetta serve no 115 hasaguli village, Nadubetta serve no 115 hasaguli village",7,2016
"SLV Jelli crusher, SLV Jelli crusher",11,2017
"Sarve No 108 Land (153  AREA) Hirikatti Village, Sarve No 108 Land (153  AREA) Hirikatti Village",12,2017
"Sarve no 172/1b, 172 land, Sarve no 172/1b, 172 land",9,2018
"Serve No 108, Serve No 108",7,2019
"Belong To Chinnaiah Quarry Belachalavadi Village, Belong To Chinnaiah Quarry Belachalavadi Village",3,2021
"Near Accused House Hirikati Village, Near Accused House Hirikati Village",4,2021
"Puttanna Land Hebbasuru village, Puttanna Land Hebbasuru village",12,2017
"Guruswamy Land, Guruswamy Land",1,2021
"Jayamma Land, Jayamma Land",2,2021
"Siddaiahnapura village, Siddaiahnapura village",4,2021
"Near Punajanuru Police Checkpost, Near Punajanuru Police Checkpost",10,2023
"ARAKALAVADI - YANAGALLI ROAD, ARAKALAVADI - YANAGALLI ROAD",7,2017
"SARVE NO 187 LAND , KOTHALAVADI VILLAGE, SARVE NO 187 LAND , KOTHALAVADI VILLAGE",8,2017
"ACCUSED HOUSE, ACCUSED HOUSE",12,2017
"Near Mukkadahalli village, Chamarajanagar Tq., Near Mukkadahalli village, Chamarajanagar Tq.",12,2017
"Near Guddada Mahadeshwara temple,, Near Guddada Mahadeshwara temple,",8,2020
"Near Mukkadahalli village, Near Mukkadahalli village",10,2020
"Near Megalahundi village, Near Megalahundi village",10,2020
"Near Megalahundi village, Near Megalahundi village",10,2020
"Near Heggotara village, Near Heggotara village",2,2021
"NEAR KANAKAGIRI BETTA, NEAR KANAKAGIRI BETTA",3,2021
"KHALID PHASHA BLOCKSTONE KWARE , NEAR VEERANAPURA, KHALID PHASHA BLOCKSTONE KWARE , NEAR VEERANAPURA",6,2021
"AMACHAVADI CHANNAPPANA  PURA ROAD, AMACHAVADI CHANNAPPANA  PURA ROAD",11,2021
"At Chandrashekhar White stone Kware, At Chandrashekhar White stone Kware",11,2022
"LAND BENLONGS TO ACUSUED, LAND BENLONGS TO ACUSUED",3,2023
"NEAR MAHADESWARA TEMPLE, KATNAVADI-RAGIGUDDA  ROAD, NEAR MAHADESWARA TEMPLE, KATNAVADI-RAGIGUDDA  ROAD",7,2023
"BUS STAND CHANNALINGAHALLI VILLAGE, BUS STAND CHANNALINGAHALLI VILLAGE",7,2021
"HANUR TOWN, HANUR TOWN",10,2022
"Behind the Sugar Factory, Silkalpura Road, Behind the Sugar Factory, Silkalpura Road",7,2018
"Budagatte Doddi Village, Budagatte Doddi Village",9,2019
"Sattegal Hand Post Corona Check Post, Sattegal Hand Post Corona Check Post",5,2020
"Megaladoddi Village, Megaladoddi Village",3,2021
"Inbitween Prakashapalya To Megaladoddi Village, Inbitween Prakashapalya To Megaladoddi Village",5,2022
"Near Kothanuru lake Prakashpalya-Kothanur Mud Road, Near Kothanuru lake Prakashpalya-Kothanur Mud Road",8,2023
"Near Cristian Cemetery and  Small Bridge,, Near Cristian Cemetery and  Small Bridge,",2,2024
"Surya Store,Dr B R Ambedkar Road, Surya Store,Dr B R Ambedkar Road",10,2023
"Near Veerabhadreswar film talkies PB Doddi Village, Near Veerabhadreswar film talkies PB Doddi Village",10,2021
"Bus stand Ramapura village, Bus stand Ramapura village",7,2023
"Near Mallappa and Ankappa Land Kundakere Village, Near Mallappa and Ankappa Land Kundakere Village",1,2018
"Muddappa Land Malapura village, Muddappa Land Malapura village",2,2024
"Narayanaswamy House, 22nd Ward, Narayanaswamy House, 22nd Ward",4,2016
"Survey No-46 Near Varnampalli Village,, Survey No-46 Near Varnampalli Village,",2,2021
"SOMUKALAHALLI CORSS CHINTHAMANI BATLAHALLI ROAD, SOMUKALAHALLI CORSS CHINTHAMANI BATLAHALLI ROAD",6,2021
"In survey No 85/1 Land Near Kothapalli Village, In survey No 85/1 Land Near Kothapalli Village",7,2022
"IN SURVEY NO 25P43 LAND, IN SURVEY NO 25P43 LAND",9,2022
"JADENAHALLY VILLAGE, JADENAHALLY VILLAGE",3,2021
"GUBALAHALLI VILLAGE, GUBALAHALLI VILLAGE",10,2017
"KODADHAVADI GATE, KODADHAVADI GATE",6,2018
"SRIVARI ENTERPRISES,SAI SHYAM DEPARTMENTAL STORE, SRIVARI ENTERPRISES,SAI SHYAM DEPARTMENTAL STORE",10,2023
"VINAYAKANAGARA, VINAYAKANAGARA",10,2023
"Sy.No.43, Chikkanagavalli Village, Sy.No.43, Chikkanagavalli Village",9,2017
"Jonnalakunte Sy.No.11, Rock Agrigates, Jonnalakunte Sy.No.11, Rock Agrigates",3,2019
"In  Adegarahalli  Ramesh Shed, In  Adegarahalli  Ramesh Shed",2,2021
"JONNALAKUNTE Survey no 24 Hirenagavalli Village, JONNALAKUNTE Survey no 24 Hirenagavalli Village",2,2021
"Near Bramara vahini Crusher  Hirenagavalli Village, Near Bramara vahini Crusher  Hirenagavalli Village",2,2021
"Near srave No 84 land water Ditch, Near srave No 84 land water Ditch",2,2021
"Near Jayanthigrama Village, Near Jayanthigrama Village",4,2021
"Jonnalakunte Survey No-11, Jonnalakunte Survey No-11",6,2021
"Chadumanahalli Forest, Chadumanahalli Forest",10,2023
"ENIGADALE VILLAGE, ENIGADALE VILLAGE",9,2021
"MURAGAMALLA S.NO 60/P15  LAND, MURAGAMALLA, MURAGAMALLA S.NO 60/P15  LAND, MURAGAMALLA",10,2021
"Near Anaghattanahalli Village Hill D Palya Hobli, Near Anaghattanahalli Village Hill D Palya Hobli",2,2021
"Manchenahalli Village, Manchenahalli Village",11,2023
"Sy No 70 Land Bhumenahalli Village Thondebavi Hobl, Sy No 70 Land Bhumenahalli Village Thondebavi Hobl",2,2024
"GUNGIRLAHALLI VILLAGE, GUNGIRLAHALLI VILLAGE",3,2021
"CHIKKAKIRIGAMBHI VILLAGE, CHIKKAKIRIGAMBHI VILLAGE",3,2021
"NEAR SRI CHANNAKESHVA  TEMPLE, NEAR SRI CHANNAKESHVA  TEMPLE",2,2018
"SARVE NO,43 ARISHINGATTA, SARVE NO,43 ARISHINGATTA",5,2020
"AJJAMPURA-BIRUR ROAD NEAR BAGGAVALLI CROSS, AJJAMPURA-BIRUR ROAD NEAR BAGGAVALLI CROSS",8,2021
"VIJYA DURGA TEMPLE INSIDE, VIJYA DURGA TEMPLE INSIDE",10,2023
"SERVE NO 138 MUNDRE VILLAGE, SERVE NO 138 MUNDRE VILLAGE",11,2019
"N C AGENCY GOADEN, N C AGENCY GOADEN",10,2023
"MANJUNATH STORE, MANJUNATH STORE",10,2023
"Kowli Forest Area, Kowli Forest Area",3,2017
"KUPPUSWAMY KWARY LEASE LAND, KUPPUSWAMY KWARY LEASE LAND",3,2019
"INFORNT OF RSB MOTORS, KADUR - MALLESHWARA ROAD, INFORNT OF RSB MOTORS, KADUR - MALLESHWARA ROAD",4,2023
"NISARGADHAMA LEYOUT, NISARGADHAMA LEYOUT",3,2019
"Sarve No 13 Dyampura Village, Sarve No 13 Dyampura Village",6,2022
"DHAREHADLU. MENASUR VILLAGE, DHAREHADLU. MENASUR VILLAGE",10,2017
"Kolome Rajanna House Near 09 th cross,, Kolome Rajanna House Near 09 th cross,",1,2016
"Shiruru, Shiruru",6,2018
"Accused Ramesha's House, Kanchinagara, Sringeri, Accused Ramesha's House, Kanchinagara, Sringeri",3,2020
"S NO 26 H THIMMAPURA STONE CRUSHER, S NO 26 H THIMMAPURA STONE CRUSHER",12,2018
"SARVE NO 22, PIRUMENAHALLI VILLAGE, SARVE NO 22, PIRUMENAHALLI VILLAGE",9,2021
"MALLIKARJUNA TRADERS NH 206 BHADRAVATI ROAD, MALLIKARJUNA TRADERS NH 206 BHADRAVATI ROAD",10,2023
"Complainant Private Land, Agasara Kapile, Complainant Private Land, Agasara Kapile",10,2018
"Challakere Stone Crusher Near Bandehatty, Challakere Stone Crusher Near Bandehatty",5,2020
"In a Gupta Fireworks Shop, Near Neharu Circle, In a Gupta Fireworks Shop, Near Neharu Circle",10,2023
"Fire Crackers shop, Behind DTDC Corier, Fire Crackers shop, Behind DTDC Corier",10,2023
"Challakere town katukara street, Challakere town katukara street",11,2023
"ASSI PABRIGATERS GODOWN, INDUSRIAL ARIA, ASSI PABRIGATERS GODOWN, INDUSRIAL ARIA",10,2017
"MADAKARIPURA VILLAGE  IDGA  MAIDANA, MADAKARIPURA VILLAGE  IDGA  MAIDANA",8,2021
"In Survey No-463/11 Land,, In Survey No-463/11 Land,",10,2016
"IN HILL NEAR TAMATKALLU VILLAGE, IN HILL NEAR TAMATKALLU VILLAGE",1,2017
"IN HILL NEAR CHANNAIAHNAHATTI VILLAGE,, IN HILL NEAR CHANNAIAHNAHATTI VILLAGE,",3,2018
"NEAR STONE SHANKARA PATIL LAND, NEAR STONE SHANKARA PATIL LAND",7,2021
"Dhanalakshmi Provision Store Kannika Road, Dhanalakshmi Provision Store Kannika Road",7,2023
"INFRONT OF THE SURYA HOTEL, KWALITY COFEE WORKS,, INFRONT OF THE SURYA HOTEL, KWALITY COFEE WORKS,",10,2016
"Infront of Surya hotel,  quality coffee works shop, Infront of Surya hotel,  quality coffee works shop",11,2023
"Re Servy Num 10 Govt ills Place,, Re Servy Num 10 Govt ills Place,",7,2021
"Channasamudra Road SRS Stone Crusser, Channasamudra Road SRS Stone Crusser",5,2016
"Near Aralihalli gate, Near Aralihalli gate",4,2018
"SRS STONE CRUSHER, PURA ROAD, SRS STONE CRUSHER, PURA ROAD",12,2018
"ACCUSED KALLESHA IN LAND, ACCUSED KALLESHA IN LAND",5,2021
"Karnataka Enterfriss, Karnataka Enterfriss",8,2021
"N I Lay Out Molakalmuru Town, N I Lay Out Molakalmuru Town",10,2023
"Parshuram Stone and Crusher Pagadalabande Village, Parshuram Stone and Crusher Pagadalabande Village",8,2020
"pagadalabande Village Near Parashuram Ston Cresher, pagadalabande Village Near Parashuram Ston Cresher",7,2021
"Maruthi Firtilizers and Cement Shop Parshurampura, Maruthi Firtilizers and Cement Shop Parshurampura",10,2021
"RS No 95/4 Land Haravigondahalli Village, RS No 95/4 Land Haravigondahalli Village",2,2024
"Kormarahatty Devasamudra Village, Kormarahatty Devasamudra Village",6,2023
"Kuriyada, Kuriyada",5,2019
"KORAGU GURI, KURCHIGIDDE, KORAGU GURI, KURCHIGIDDE",12,2018
"Ninnikallu, Ninnikallu",9,2018
"Odikaaru, Odikaaru",3,2020
"Near Gundya River balya, Near Gundya River balya",2,2020
"Lavatadka, Lavatadka",3,2020
"Near Govrnment Hiegher Primery School Keddalike, Near Govrnment Hiegher Primery School Keddalike",9,2018
"Shree Devi Nilaya Sarolikana, Shree Devi Nilaya Sarolikana",12,2019
"Madyalamajalu, Madyalamajalu",12,2019
"Aradhya Arcade  Near Aswini Circle, Aradhya Arcade  Near Aswini Circle",11,2022
"Kadthyaru, Kadthyaru",1,2024
"Ermethotti quarry, Ermethotti quarry",6,2022
"At Narankodi House, At Narankodi House",8,2022
"Near Garaga Cross, Near Garaga Cross",12,2019
"SRI DURGADEVI EXPLOSIVE, KADAJJI VILLAGE, SRI DURGADEVI EXPLOSIVE, KADAJJI VILLAGE",4,2019
"MALLAPURA ROAD, MALLAPURA ROAD",6,2019
"NEAR CHATTOBANAHALLI VILLAGE, NEAR CHATTOBANAHALLI VILLAGE",1,2021
"SERVE NO 68/9 KALLU KWARI, SERVE NO 68/9 KALLU KWARI",2,2021
"LAND SERVE 54/1P,53/4,SHANMUKHA GOWDAN, LAND SERVE 54/1P,53/4,SHANMUKHA GOWDAN",3,2021
"NEAR SRI GAYATHRI KALLU QUARRY, NEAR SRI GAYATHRI KALLU QUARRY",6,2021
"NEAR KRISHANAPPA KALLU KAWARI ROAD, ALURU VILLAGE, NEAR KRISHANAPPA KALLU KAWARI ROAD, ALURU VILLAGE",7,2021
"NEAR BETHURU BASAVARAJAPPA KALLU KWARI, ROAD, NEAR BETHURU BASAVARAJAPPA KALLU KWARI, ROAD",7,2021
"HOSAHALLI GADI SURVE NO-7 IN LAND, HOSAHALLI GADI SURVE NO-7 IN LAND",11,2022
"KARIGANUR CROSS, KARIGANUR CROSS",4,2018
"Near Donnehalli Hosuru Village, Near Donnehalli Hosuru Village",3,2020
"Sy no-45/1,Tayitoni village, Sy no-45/1,Tayitoni village",1,2021
"Gurjikonda Village Surve no-13, Gurjikonda Village Surve no-13",3,2021
"Surve no-45/1,45/2 Echagatta Village, Surve no-45/1,45/2 Echagatta Village",3,2021
"Doddabbigere Serve No: 71 Govt Land in JMC Crusher, Doddabbigere Serve No: 71 Govt Land in JMC Crusher",2,2017
"In Accused Land, In Accused Land",3,2021
"MS D B Masur Stone Crushing Industry, MS D B Masur Stone Crushing Industry",3,2021
"CHAVARAGUDD LIMITS NEAR  BALAJI STONE & KRUSHAR, CHAVARAGUDD LIMITS NEAR  BALAJI STONE & KRUSHAR",12,2020
"AT Sherewad Village, AT Sherewad Village",10,2023
"AT Kalaghatagi Dharwad Road, AT Kalaghatagi Dharwad Road",11,2020
"Shivachandra Stone & Crusser Indesrtis, Shivachandra Stone & Crusser Indesrtis",1,2021
"AT Padmavati Stone Crusher Ugginakeri, AT Padmavati Stone Crusher Ugginakeri",7,2021
"Reserve Forest R S No 44, Reserve Forest R S No 44",12,2023
"IN ACCUSED SHOP AT NAVALAGUND TOWN AKKI ONI, IN ACCUSED SHOP AT NAVALAGUND TOWN AKKI ONI",10,2023
"ASUNDI AREA ICHALAHALLA CHECK DAM, ASUNDI AREA ICHALAHALLA CHECK DAM",5,2016
"GADAG MULAGUND NAKA NEAR CLEARK INN INSIDE OF, GADAG MULAGUND NAKA NEAR CLEARK INN INSIDE OF",7,2022
"BESIDE OF SHITALAHARI-SHIRAHATTI ROAD, BESIDE OF SHITALAHARI-SHIRAHATTI ROAD",9,2020
"HESARUR VILLEGE LIMITS, HESARUR VILLEGE LIMITS",1,2016
"KALAKERI - BIDANAL ROAD NEAR BIDANAL VILLAGE, KALAKERI - BIDANAL ROAD NEAR BIDANAL VILLAGE",10,2020
"NEAR PARASAPUR VILLEGE, NEAR PARASAPUR VILLEGE",12,2020
"KHANAPUR-SHITALAHARI KACCHA ON ROAD, KHANAPUR-SHITALAHARI KACCHA ON ROAD",3,2021
"Serve No 11, 12, Madagodu Village, Serve No 11, 12, Madagodu Village",2,2019
"Channenahalli, Channenahalli",6,2021
"G SHANKAR CAMP, RAMASAGARA VILLAGE, G SHANKAR CAMP, RAMASAGARA VILLAGE",1,2019
"G SHANKAR CAMP, RAMASAGARA VILLAGE, G SHANKAR CAMP, RAMASAGARA VILLAGE",1,2019
"Hassan Road Near Arali tree, Hassan Road Near Arali tree",5,2019
"OLD POST OFFICE ROAD KERE BEEDI, OLD POST OFFICE ROAD KERE BEEDI",9,2022
"Shanthamallapura Gate Village, Shanthamallapura Gate Village",7,2018
"Guddadatheranya Village, Guddadatheranya Village",2,2016
"Kattaya Servey No 56 Forest, Kattaya Servey No 56 Forest",4,2016
"Near Yareborekavalu Village, Near Yareborekavalu Village",5,2016
"KATTAYA   SERVE NO 56 FOREST LAND, KATTAYA   SERVE NO 56 FOREST LAND",1,2017
"NEAR KATTAYA  DAM  KORE, NEAR KATTAYA  DAM  KORE",5,2017
"ACCUSED OLD ROOM NEAR INDUPURA, YAREBARE KAVALU, ACCUSED OLD ROOM NEAR INDUPURA, YAREBARE KAVALU",1,2021
"NEAR KATHRIGHATTAMMA TEMPLE, NEAR KATHRIGHATTAMMA TEMPLE",1,2021
"Infront Of The Complainant House, Infront Of The Complainant House",7,2016
"Mandakini House, Angadihally Village, Mandakini House, Angadihally Village",8,2022
"Near Manju Shop Doddabaganahalli Village, Near Manju Shop Doddabaganahalli Village",5,2017
"NEAR MAGSINE CHAKENAHALLI VILLAGE, HALEKOTE HOBLI, NEAR MAGSINE CHAKENAHALLI VILLAGE, HALEKOTE HOBLI",4,2021
"IN VEHICAL PARKING SHED,NEAR ACCUSED HOUSE, IN VEHICAL PARKING SHED,NEAR ACCUSED HOUSE",4,2021
"Arakere Village Javgal Hobli, Arakere Village Javgal Hobli",8,2017
"Arakere Village Javgal Hobli, Arakere Village Javgal Hobli",11,2017
"Arakere vilalge, Arakere vilalge",6,2020
"NEAR MUTHUGADAHOSUR GATE, ARKALAGUDU TQ, NEAR MUTHUGADAHOSUR GATE, ARKALAGUDU TQ",11,2016
"kerekodi  village  konanuru hobali, kerekodi  village  konanuru hobali",6,2017
"AT SHIVAKUMARA LAND, NEHARU NAGARA, KONANUR HOBLI,, AT SHIVAKUMARA LAND, NEHARU NAGARA, KONANUR HOBLI,",3,2021
"Khan Fire Works G N Koppalu Village, Khan Fire Works G N Koppalu Village",12,2023
"Near Hongere Markuli Road, Near Hongere Markuli Road",12,2020
"Near Bettadahalli Stone Crusher,, Near Bettadahalli Stone Crusher,",2,2020
"HETHUR VILLAGE, HETHUR VILLAGE",3,2022
"Bekkanahalli, Village, Yeslur Hobli, Bekkanahalli, Village, Yeslur Hobli",12,2022
"At Bingapur Gramada Sarakari Guddadalli, At Bingapur Gramada Sarakari Guddadalli",3,2021
"Kusanur Gramada Ri Sa No 130/3 Nedara Jamindalli, Kusanur Gramada Ri Sa No 130/3 Nedara Jamindalli",1,2022
"Near complaint's cattlehouse at Hulagaddi village, Near complaint's cattlehouse at Hulagaddi village",11,2022
"In forest area near Kusanur village, In forest area near Kusanur village",12,2023
"Chatra Village Near Durga Daba, Chatra Village Near Durga Daba",9,2016
"Chatra -Alalageri Road, Infront of a Old Damber, Chatra -Alalageri Road, Infront of a Old Damber",11,2020
"Chatra Alalageri Road Near Nagappa Harijan Land, Chatra Alalageri Road Near Nagappa Harijan Land",7,2021
"At Negavanigi Village, At Negavanigi Village",4,2021
"Between Kanakapur Bukodihalli on lake bridge, Between Kanakapur Bukodihalli on lake bridge",7,2021
"In accused's house at MarutiNagar,  Ijarilakamapur, In accused's house at MarutiNagar,  Ijarilakamapur",2,2020
"Netaji Nagar Tandur PG Back Road, Netaji Nagar Tandur PG Back Road",1,2022
"M G Road Gadad Godoun, M G Road Gadad Godoun",10,2023
"Hirekerur town Veerabhadreshwar petrol bank., Hirekerur town Veerabhadreshwar petrol bank.",2,2016
"At:Kodamaggi Village Raju Annappanavara Land, At:Kodamaggi Village Raju Annappanavara Land",3,2021
"Accused House, Accused House",4,2019
"Near Diyal Daba Kunavabevu Land, Near Diyal Daba Kunavabevu Land",1,2021
"HUNASIKATTI ROAD QUARI, HUNASIKATTI ROAD QUARI",3,2021
"At-Medleri Village Accused Marchant and Godown, At-Medleri Village Accused Marchant and Godown",10,2023
"In Medleri village prema Mundasadh evar angadi, In Medleri village prema Mundasadh evar angadi",10,2023
"At-Near Tumminkatti Honnali Road Niranjan Store, At-Near Tumminkatti Honnali Road Niranjan Store",1,2021
"AT:CHIKKAKBBAR ACCUSED HOUSE INFRONT, AT:CHIKKAKBBAR ACCUSED HOUSE INFRONT",10,2023
"At land no-268/3 in karnataka  crusher stone, At land no-268/3 in karnataka  crusher stone",8,2021
"Shiggaon City Rajiv Nagar Govt Land RS No433/A, Shiggaon City Rajiv Nagar Govt Land RS No433/A",11,2021
"AKKIPETH 2 ND CROSS, AKKIPETH 2 ND CROSS",2,2017
"Beside Channasandra Bus Stop, Beside Channasandra Bus Stop",10,2020
"Electronic City Hosoor Road, Electronic City Hosoor Road",10,2020
"Near Bus Stop,Peenya, Near Bus Stop,Peenya",12,2020
"Near Battrahalli Circle, Near Battrahalli Circle",12,2020
"BASAVA ACADEMY, BASAVA ACADEMY",1,2021
"GILTENS SHAFT, GILTENS SHAFT",10,2021
"Madigarahalli village (hosur), Madigarahalli village (hosur)",2,2021
"4Th Main 4th Cross Amaravathi Layout, 4Th Main 4th Cross Amaravathi Layout",10,2023
"Byataranahalli Village, DK Halli Post, Byataranahalli Village, DK Halli Post",1,2024
"SANVI GRAND HOTEL BUILDING 2 FLOOR ROOM, SANVI GRAND HOTEL BUILDING 2 FLOOR ROOM",10,2023
"BEHIND MUKTHIYAR AHMED GODEN, BEHIND MUKTHIYAR AHMED GODEN",10,2018
"Near Isandra Mittur village, Near Isandra Mittur village",1,2022
"Chigaraluru village, Chigaraluru village",3,2023
"GOVINDAPPA LAND, CHIKKAKALAVANCHI VILLAGE, GOVINDAPPA LAND, CHIKKAKALAVANCHI VILLAGE",6,2021
"TUKAL VILLAGE SURVE NO 91 GOVT LAND, TUKAL VILLAGE SURVE NO 91 GOVT LAND",4,2022
"MARADAGATTA VILLAGE SURVEY NO 53/1 LAND, MARADAGATTA VILLAGE SURVEY NO 53/1 LAND",8,2023
"KN KODANDDAPPA HOUSE SS LAYOUT, KN KODANDDAPPA HOUSE SS LAYOUT",9,2023
"IN FRONT OF SUMAN CHOULTRY, NEAR KING GEORGE HALL, IN FRONT OF SUMAN CHOULTRY, NEAR KING GEORGE HALL",3,2016
"POTTEPALLI OUTSKIRTS NEAR JANATHA HOUSE, POTTEPALLI OUTSKIRTS NEAR JANATHA HOUSE",6,2022
"BALURGI CHECK POST, 34-AFZALPUR CONSTITUENCY, BALURGI CHECK POST, 34-AFZALPUR CONSTITUENCY",4,2023
"BANGARAGA VILLAGE LAND SY NO 14 NAME KHANDERAY JAM, BANGARAGA VILLAGE LAND SY NO 14 NAME KHANDERAY JAM",4,2021
"CHINCHOLI BUS STAND OPPOSIT PALAMUR KIRAN ANGADI, CHINCHOLI BUS STAND OPPOSIT PALAMUR KIRAN ANGADI",10,2023
"In Mahalaxmi Genral Store Near Akhandeshwar Chowk, In Mahalaxmi Genral Store Near Akhandeshwar Chowk",10,2023
"Kadaganchi village, Kadaganchi village",1,2021
"Bolani village, Bolani village",6,2021
"HIPPARAGA SN VILLAGE, HIPPARAGA SN VILLAGE",5,2019
"ANKALAGA VILLAGE SIMANTAR CHANDARSHA LAND TIN SED, ANKALAGA VILLAGE SIMANTAR CHANDARSHA LAND TIN SED",5,2021
"INFRONT OF MALPANI STORE MAIN BAZAR SEDAM, INFRONT OF MALPANI STORE MAIN BAZAR SEDAM",10,2017
"MAIN ROAD SEDAM, MAIN ROAD SEDAM",10,2017
"MAIN ROAD SEDAM, MAIN ROAD SEDAM",10,2017
"In Mahaveer Sugandi Goudawan Laxmi ganj  Area, In Mahaveer Sugandi Goudawan Laxmi ganj  Area",10,2023
"Basweshwar Nagar Open land feild Area, Basweshwar Nagar Open land feild Area",5,2020
"Prabhakar R.Sonta kirana and general fancy store, Prabhakar R.Sonta kirana and general fancy store",10,2023
"Accused SHop No 6/824   Gulbarga Fire Work ,, Accused SHop No 6/824   Gulbarga Fire Work ,",10,2023
"INTO   1ST FLOOR S.R FARATABAD AND SONS, INTO   1ST FLOOR S.R FARATABAD AND SONS",10,2023
"AT SG GHANTOJI SHOP.NO.8-411 ASIF GUNJ, AT SG GHANTOJI SHOP.NO.8-411 ASIF GUNJ",10,2023
"INTO SHOP  8-115 KIRAN BAZAR, INTO SHOP  8-115 KIRAN BAZAR",10,2023
"farhatabad to kalaburagi road near central jail, farhatabad to kalaburagi road near central jail",12,2019
"Honnakirangi Village Near Basavan Katte, Honnakirangi Village Near Basavan Katte",10,2022
"Near Bandukwal Wigh Bridge Beside road, Near Bandukwal Wigh Bridge Beside road",3,2020
"Infront  of Belagavi Rly Station, Infront  of Belagavi Rly Station",8,2016
"in belagavi railway station, in belagavi railway station",3,2018
"AT BANGALORE CITY RAILWAY STATION BETWEEN PLAT, AT BANGALORE CITY RAILWAY STATION BETWEEN PLAT",5,2019
"In Hubballi Railway Station PF No.1, In Hubballi Railway Station PF No.1",10,2019
"Sundaranagara, Sundaranagara",3,2019
"KOLAKERI VILLAGE, KOLAKERI VILLAGE",3,2019
"NATESH COFFEE ESTATE, NATESH COFFEE ESTATE",12,2018
"Kallukore, Doddakodli Village, Kallukore, Doddakodli Village",11,2018
"Niluvagilu village, Niluvagilu village",12,2022
"YALAKANURU VILLAGE, YALAKANURU VILLAGE",6,2022
"Gownipalli Village, Gownipalli Village",10,2023
"Sampangere Check Post, Sampangere Check Post",4,2018
"Gopalareddy House Karinayakanahalli village, Gopalareddy House Karinayakanahalli village",9,2020
"Injured Persons Land,, Injured Persons Land,",10,2022
"Aradhan Building Malur town, Aradhan Building Malur town",10,2023
"MV Siddeswara House Malur Hosakote Road Malur Town, MV Siddeswara House Malur Hosakote Road Malur Town",10,2023
"Pradeep Kumar Building, Adarshanagara  Malur Hosur, Pradeep Kumar Building, Adarshanagara  Malur Hosur",10,2023
"ANIGANAHALLI VILLAGE,TEKAL HOBALI,, ANIGANAHALLI VILLAGE,TEKAL HOBALI,",10,2018
"JANGANAHALLI VILLAGE,TEKAL HOBALI, JANGANAHALLI VILLAGE,TEKAL HOBALI",10,2018
"Sri venkateshwara Stone crusher Near Animittanahal, Sri venkateshwara Stone crusher Near Animittanahal",3,2021
"Sanjeevini stone crusher, Near Kommanahalli., Sanjeevini stone crusher, Near Kommanahalli.",10,2022
"S.No 1/3, 02.09 Acre Land Nagasandra village, S.No 1/3, 02.09 Acre Land Nagasandra village",11,2016
"Balaji Singh Rock Crusher, Balaji Singh Rock Crusher",7,2017
"Yelagondahalli village,, Yelagondahalli village,",10,2017
"In Shivakrishn Land, In Shivakrishn Land",3,2021
"Thayaluru village, Thayaluru village",5,2022
"Bandahalli Village, Bandahalli Village",6,2023
"Bajar Road, Bajar Road",10,2023
"Hebbini Border, Near H.Kothuru Village,, Hebbini Border, Near H.Kothuru Village,",2,2018
"Near Moolagollapalli Village, Near Moolagollapalli Village",1,2024
"Appalagowda Land, Haralakunte Village, Appalagowda Land, Haralakunte Village",3,2024
"SURVAY NO 110 NEAR  KB HOSAHALLI, SURVAY NO 110 NEAR  KB HOSAHALLI",3,2021
"AJ Stone Works Quarry, K.B.Hosahalli Village,, AJ Stone Works Quarry, K.B.Hosahalli Village,",5,2023
"Venkatagiri Limits (Dasanal Road), Venkatagiri Limits (Dasanal Road)",1,2016
"Venkatagiri Limits, Venkatagiri Limits",8,2016
"Venkatagiri Limits, Venkatagiri Limits",12,2016
"Sarvy No 77, Sarvy No 77",2,2021
"Anegundi Sy. No: 193, Anegundi Sy. No: 193",7,2021
"PANGUNTE COMPLEX NEAR JAMIYA MASJID, PANGUNTE COMPLEX NEAR JAMIYA MASJID",10,2023
"Bellary book Depo Cross, Bellary book Depo Cross",10,2023
"NEAR BALLARI BOOK DEPO CROSS, NEAR BALLARI BOOK DEPO CROSS",10,2023
"GAYATRI KIRANI SHOP, GAYATRI KIRANI SHOP",10,2023
"NEAR VENKATARAMANA TEMPEL, NEAR VENKATARAMANA TEMPEL",10,2023
"HOUSE OF ASHOK HUGAR, HOUSE OF ASHOK HUGAR",10,2023
"Hanamasagar Village In Renuk Kiran Angadi, Hanamasagar Village In Renuk Kiran Angadi",10,2023
"Hanamasagar Village In Venkatesh Provision Store, Hanamasagar Village In Venkatesh Provision Store",10,2023
"Hanamasagar Vilage In Viraj Panasy & General Store, Hanamasagar Vilage In Viraj Panasy & General Store",10,2023
"Naganakal Villege Near Laxmi Tample, Naganakal Villege Near Laxmi Tample",5,2016
"SRNO 109/2 GANGA STONE CRUSHAR TANAKANAKAL LIMITS, SRNO 109/2 GANGA STONE CRUSHAR TANAKANAKAL LIMITS",4,2021
"Kidadal Seema survay no 111/*/3, Kidadal Seema survay no 111/*/3",10,2023