"IN COMPLAINANT HOUSE AT KUNIBENCH, IN COMPLAINANT HOUSE AT KUNIBENCH",4,2022
"IN COMPLAINANT FIELD AT AIHOLE NEAR HUNCHI MALLI, IN COMPLAINANT FIELD AT AIHOLE NEAR HUNCHI MALLI",7,2023
"In Complainants house of Nandikeswar Village, In Complainants house of Nandikeswar Village",5,2019
"HEBBALLI VILLAGE, HEBBALLI VILLAGE",3,2022
"Bommanagi Village, Bommanagi Village",11,2017
"Benakatti Village In Complainant House, Benakatti Village In Complainant House",2,2020
"SANGONDI, SANGONDI",8,2023
"Residence of Dr Yogappanavar Shanti Nagar Bagalkot, Residence of Dr Yogappanavar Shanti Nagar Bagalkot",9,2016
"Marawadi Galli Bagalkot, Marawadi Galli Bagalkot",11,2016
"NAVANAGAR SAVITA LADGE, NAVANAGAR SAVITA LADGE",11,2021
"TAKKALAKI RC, TAKKALAKI RC",11,2021
"SECTOR NO 26, SECTOR NO 26",1,2022
"Ambuli Ghat Open place and Jagadal Villageinfront, Ambuli Ghat Open place and Jagadal Villageinfront",4,2020
"Yallatti Village in Complaint House, Yallatti Village in Complaint House",10,2021
"Near Beersiddeshwar Temple, Hipparagi Village, Near Beersiddeshwar Temple, Hipparagi Village",12,2022
"In Accused House, Near Bilal Masidi Banahatti, In Accused House, Near Bilal Masidi Banahatti",6,2023
"Bilagi City Near Basaveshwar Nagar 2 nd Cross,, Bilagi City Near Basaveshwar Nagar 2 nd Cross,",12,2020
"HANAPUR SP TANDA  FOREST, HANAPUR SP TANDA  FOREST",5,2022
"HUNGUND TOWN NEAR LIONS SCHOOL, HUNGUND TOWN NEAR LIONS SCHOOL",1,2018
"HUNGUND TOWN MALLIKARJUN NAGAR IN COMPLAINANT, HUNGUND TOWN MALLIKARJUN NAGAR IN COMPLAINANT",4,2022
"HIREUPNAL LIMITS IN ACCUSED MILK DAIRY, HIREUPNAL LIMITS IN ACCUSED MILK DAIRY",4,2019
"ILKAL AND PUDIPALIII VILLAGE KERAL, ILKAL AND PUDIPALIII VILLAGE KERAL",3,2020
"IN HANAMASAGAR FOREST, IN HANAMASAGAR FOREST",3,2021
"LINGANUR VILLAGE,IN COMPLAINANT HOUSE, LINGANUR VILLAGE,IN COMPLAINANT HOUSE",10,2020
"Jamkhandi, Muttunakanti Math's Rent Home &, Jamkhandi, Muttunakanti Math's Rent Home &",12,2017
"Darga Colony & Near Bus Stand, Darga Colony & Near Bus Stand",11,2018
"Jamkhadni Town, Choudayya Nagar, Jamkhadni Town, Choudayya Nagar",3,2023
"Halageri Village Behind Of Complaint House In, Halageri Village Behind Of Complaint House In",5,2021
"In Sulikeri Village Dhani'S Field, In Sulikeri Village Dhani'S Field",3,2022
"IN COMPLAINANT FARM, IN COMPLAINANT FARM",5,2018
"MUDHOL  NEAR BUS STOP, MUDHOL  NEAR BUS STOP",1,2021
"MUDHOL MANISHA BAR AND RESTORANT, MUDHOL MANISHA BAR AND RESTORANT",4,2023
"Kulali Village, Near Pandurang Plot, Kulali Village, Near Pandurang Plot",4,2018
"Mudhol Town Limits At Complainent House, Mudhol Town Limits At Complainent House",11,2020
"In Naganur Village Limits Near Yallammadevi Temple, In Naganur Village Limits Near Yallammadevi Temple",5,2022
"Moodbidre Fire Station Quarters and, Moodbidre Fire Station Quarters and",3,2023
"In The Complainant house at Kulali Village, In The Complainant house at Kulali Village",4,2023
"Navanagar Vambe colony, Navanagar Vambe colony",7,2016
"Accused Yallappa SO Chandrappa Hoddalur House, Accused Yallappa SO Chandrappa Hoddalur House",7,2020
"In Kavatagi Cross Accused Father's Shedd, In Kavatagi Cross Accused Father's Shedd",3,2020
"In Tungal Village Complainant House, In Tungal Village Complainant House",5,2020
"One Room at Banglore road, One Room at Banglore road",4,2017
"Beside Railway Bridge, Beside Railway Bridge",6,2017
"A.P.M.C. YARD MARKET, A.P.M.C. YARD MARKET",7,2017
"Complainant Farm, Complainant Farm",7,2017
"OPEN PLACE AT ANJINAPPA NAGAR, OPEN PLACE AT ANJINAPPA NAGAR",7,2017
"Infront of Complainant House, Yerragudi Village,, Infront of Complainant House, Yerragudi Village,",7,2017
"Infront of Durgamma Temple, Ballari, Infront of Durgamma Temple, Ballari",9,2017
"AT Complaint House, Near Renuka Yellamma Temple, AT Complaint House, Near Renuka Yellamma Temple",12,2017
"In complainant house, 9th cross right side, In complainant house, 9th cross right side",5,2018
"KANEKAL ROAD, BEHIND BRANDI SHOP, KANEKAL ROAD, BEHIND BRANDI SHOP",7,2018
"D.NO.25, W.No.10, NEAR DODDA MARKET, D.NO.25, W.No.10, NEAR DODDA MARKET",10,2018
"Infront of complainant house, Near Sharanabasava, Infront of complainant house, Near Sharanabasava",10,2018
"In Accused rented house, In Accused rented house",4,2019
"In complainant house, 1st cross, Neharu colony, In complainant house, 1st cross, Neharu colony",6,2019
"AT THRON BUSHES IN FIELDS, AT THRON BUSHES IN FIELDS",7,2019
"AT ACCUSED HOUSE VIDYA NAGAR, GREEN WOOD PUBLIC, AT ACCUSED HOUSE VIDYA NAGAR, GREEN WOOD PUBLIC",7,2019
"INFRONT OF COMPLAINANT HOUSE, NEAR DURUGAMMA TEMP, INFRONT OF COMPLAINANT HOUSE, NEAR DURUGAMMA TEMP",4,2020
"AT DESERTED AREA, SUSHMA SWARJ COLONY, AT DESERTED AREA, SUSHMA SWARJ COLONY",6,2020
"AT DWARAKA LODGE, BALLARI AT KUDULIGI LODGE, AT DWARAKA LODGE, BALLARI AT KUDULIGI LODGE",7,2020
"AT COMPLAIANT HOUSE AND ACCUSED HOUSE GOPAL GOUDA, AT COMPLAIANT HOUSE AND ACCUSED HOUSE GOPAL GOUDA",9,2020
"AT ACCUSED HOUSE, KAMALAMMA COMPOUND, NEAR RK, AT ACCUSED HOUSE, KAMALAMMA COMPOUND, NEAR RK",11,2020
"In Accused House Bedroom, Behind CSI Teluguchurch, In Accused House Bedroom, Behind CSI Teluguchurch",12,2020
"AT COMPLAINANT FATHERS HOUSE, GUGGARATTI , BLY, AT COMPLAINANT FATHERS HOUSE, GUGGARATTI , BLY",1,2021
"AT DESERTED  AREA, BEHIND BITM COLLEGE, AT DESERTED  AREA, BEHIND BITM COLLEGE",1,2021
"AT BALA RESIDENCY PARVATHI NAGAR, AND, AT BALA RESIDENCY PARVATHI NAGAR, AND",6,2021
"In the accoused's room vidyanagar, In the accoused's room vidyanagar",6,2022
"AT SHED, NEAR AC GODOWN,, AT SHED, NEAR AC GODOWN,",9,2022
"AT ACCUSED ROOM,  SREERAMPURA COLONY, AT ACCUSED ROOM,  SREERAMPURA COLONY",12,2022
"In the  Accuse house,H.no.11 Gandhinagar,BALLARI, In the  Accuse house,H.no.11 Gandhinagar,BALLARI",12,2022
"Near Complainant house, Radio park, Near Complainant house, Radio park",8,2023
"At Old house, Near Bypass, Hosapete Road, At Old house, Near Bypass, Hosapete Road",9,2023
"At Complainanat House, 2nd ward, Near, At Complainanat House, 2nd ward, Near",10,2023
"Near S.G.R.C.M Collage, Ballari City &, Near S.G.R.C.M Collage, Ballari City &",10,2023
"Near B.I.T.M College Old House and At Accused, Near B.I.T.M College Old House and At Accused",2,2024
"Under the Heremore Railway Bridge, Near Mubarak, Under the Heremore Railway Bridge, Near Mubarak",3,2016
"In the Complainant Bed Room, Hampi Virupakeshwara, In the Complainant Bed Room, Hampi Virupakeshwara",4,2016
"Halla, Beside Hirunaik Field, Halla, Beside Hirunaik Field",6,2016
"Opp Varabasappa Temple Opne Filed Rupanagudi Road, Opp Varabasappa Temple Opne Filed Rupanagudi Road",6,2020
"Halukundi Village, Halukundi Village",10,2016
"Srirampura Colony, Srirampura Colony",3,2017
"NEAR BATH ROOM VICTIMS HOUSE THUMBARGUDDI VILLAGE, NEAR BATH ROOM VICTIMS HOUSE THUMBARGUDDI VILLAGE",2,2022
"In Accused Rent House, Near Janda Katte, In Accused Rent House, Near Janda Katte",4,2016
"Complainant House, Kurekuppa Village, Complainant House, Kurekuppa Village",4,2019
"FROM COMPLAINANT HOUSE BALLARI  AND ADONI, FROM COMPLAINANT HOUSE BALLARI  AND ADONI",12,2016
"Near Sugur venkatreddy land, Near Sugur venkatreddy land",9,2023
"Near Jambe Tree , Agriculture Office  Road kampli, Near Jambe Tree , Agriculture Office  Road kampli",6,2017
"Near Shivamurthi Circle, hidden Place, Near Shivamurthi Circle, hidden Place",10,2023
"OUT SIDE OF THE HOSDAROJI VILLAGE, OUT SIDE OF THE HOSDAROJI VILLAGE",2,2019
"BASAVARAJA FILED ,  BEHIND KPTCL , KUDUTHINI, BASAVARAJA FILED ,  BEHIND KPTCL , KUDUTHINI",3,2021
"IN COMPLAINANT HUT, IN COMPLAINANT HUT",10,2016
"IN COMPLANANT HOUSE, IN COMPLANANT HOUSE",12,2016
"INSIDE COMPLAINANT HOUSE, 1 ST WARD, INSIDE COMPLAINANT HOUSE, 1 ST WARD",3,2021
"HARIJANA COLONY, HARIJANA COLONY",2,2023
"IN FRONT OF CHANNABASAVESHWARA TEMPLE, IN FRONT OF CHANNABASAVESHWARA TEMPLE",11,2023
"in complainat house, in complainat house",4,2016
"Complainent house Ashraya Colony Doulatpur road, Complainent house Ashraya Colony Doulatpur road",8,2016
"Sandur A,P,M,C, Sandur A,P,M,C",6,2019
"VENKATAGIRI VILLEGE, VENKATAGIRI VILLEGE",5,2023
"IN COMPALINT HOUSE AT KONCHIGERI VILLAGE, IN COMPALINT HOUSE AT KONCHIGERI VILLAGE",3,2018
"UPPN CANEL SIRIGERI NADAVI ROAD, UPPN CANEL SIRIGERI NADAVI ROAD",7,2019
"NEW VILLAGE ROAD SHANAVASAPURA VILLAGE, NEW VILLAGE ROAD SHANAVASAPURA VILLAGE",3,2022
"Near Srikrishna Devaraya School at Accused House, Near Srikrishna Devaraya School at Accused House",6,2020
"In Rehaman house, Adoni Road Siruguppa, In Rehaman house, Adoni Road Siruguppa",6,2023
"In Complainant House & Accused Crib of cattle, In Complainant House & Accused Crib of cattle",4,2019
"RAMDEV GALLI KANGARALI K H, RAMDEV GALLI KANGARALI K H",6,2017
"PARWATI NAGAR KANGRALI B.K, PARWATI NAGAR KANGRALI B.K",9,2021
"PLOT NO: 423, SC NO: 47 BAXITE ROAD SAHYADRI NAGAR, PLOT NO: 423, SC NO: 47 BAXITE ROAD SAHYADRI NAGAR",11,2021
"NEAR NALANDA SCHOOL VIDYA NAGAR, NEAR NALANDA SCHOOL VIDYA NAGAR",7,2022
"GOVERNMENT POLYTECHNIC COLLEGE REST ROOM, GOVERNMENT POLYTECHNIC COLLEGE REST ROOM",6,2023
"KLE COMPOUND BACK SIDE BASAV COLONY, KLE COMPOUND BACK SIDE BASAV COLONY",12,2023
", ",11,2017
"POLICE QUATERS NEAR VEERABHADRA TEMPLE BELAGAVI, POLICE QUATERS NEAR VEERABHADRA TEMPLE BELAGAVI",6,2020
"Khadebazar Lodge & Milan hotel Lodge, Khadebazar Lodge & Milan hotel Lodge",12,2022
"GANGA WING HOUSE SUBHASH NAGAR BELAGAVI CITY, GANGA WING HOUSE SUBHASH NAGAR BELAGAVI CITY",2,2023
"Shivaji Nagar 2nd Cross, Shivaji Nagar 2nd Cross",1,2024
"FISH MARKET CAMP, FISH MARKET CAMP",9,2021
"REGENTA RESORT JAMBOTI ROAD KINEY, REGENTA RESORT JAMBOTI ROAD KINEY",11,2022
"BELAVATTI, BELAVATTI",2,2023
"HIGH STREET GANESHAPUR BELAGAVI, HIGH STREET GANESHAPUR BELAGAVI",8,2018
"LAXMIGALLI MARANHOLA VILLEGE LIMITS, LAXMIGALLI MARANHOLA VILLEGE LIMITS",4,2016
"SULAGA VILLEGE LIMITS, SULAGA VILLEGE LIMITS",6,2016
"GANPAT GALLI AMBEWADI VILLAGE, GANPAT GALLI AMBEWADI VILLAGE",9,2018
"SULAGA VILLAGE BENNALI CROSS, SULAGA VILLAGE BENNALI CROSS",10,2021
"KADOLI VILLEGE LIMITS, KADOLI VILLEGE LIMITS",6,2023
"Maranahol, Maranahol",7,2023
"KONAWAL GALLI, KONAWAL GALLI",4,2021
"Chetan Lodge, Chetan Lodge",5,2021
"NEAR RAMADEV HOTEL, NEAR RAMADEV HOTEL",7,2018
"7th CROSS, 7th CROSS",5,2019
"PARK VISATAM RESIDENCY, PARK VISATAM RESIDENCY",10,2020
"ROOM NO. 103, HOTEL RAMDEV INTERNATIONAL, ROOM NO. 103, HOTEL RAMDEV INTERNATIONAL",5,2022
"COMPLANANT HOUSE BALEKUNDRI K H VILLAGE, COMPLANANT HOUSE BALEKUNDRI K H VILLAGE",8,2016
"INFRONT OF COMPLAINANT NEW HOUSE, INFRONT OF COMPLAINANT NEW HOUSE",5,2021
"At: Kotwal Galli, At: Kotwal Galli",2,2017
"Plot No 35 cross No 2, Plot No 35 cross No 2",6,2017
"Surya lodge Khadebazar Road, Surya lodge Khadebazar Road",10,2018
"CENTRAL BUS STAND, CENTRAL BUS STAND",9,2022
"SHIVAJI NAGAR 5 TH CROSS, SHIVAJI NAGAR 5 TH CROSS",6,2023
"ACCUSED HOUSE GADE MARGA, ACCUSED HOUSE GADE MARGA",10,2017
"TEGGINA GALLI VADAGAVI, TEGGINA GALLI VADAGAVI",3,2024
"BHAGYA NAGAR 6TH CROSS PRESTIGE OM APARTMENT, BHAGYA NAGAR 6TH CROSS PRESTIGE OM APARTMENT",1,2016
"SHIVASHAKTI NAGAR, SHIVASHAKTI NAGAR",5,2016
"BRAHMA NAGAR, BRAHMA NAGAR",9,2016
"IN COMPLAINANT LAND KOKATANUR, IN COMPLAINANT LAND KOKATANUR",8,2019
"IN HUSAIN MAHAMMAD HONAWAD HOME KOHALLI, IN HUSAIN MAHAMMAD HONAWAD HOME KOHALLI",11,2019
"In Complainant Mother House, In Complainant Mother House",10,2023
"KERUR VILLAGE, KERUR VILLAGE",1,2019
"BALLIGERI LIMITS COMPLAINANT HOUSE, BALLIGERI LIMITS COMPLAINANT HOUSE",6,2016
"Savadi Village Limits In Complainents House, Savadi Village Limits In Complainents House",4,2017
"Athani Town Limits In Government Collage Ground, Athani Town Limits In Government Collage Ground",4,2017
"Khothawadi village limits in complainant's House, Khothawadi village limits in complainant's House",11,2017
"Shirahatti Village Limits In Complainants House, Shirahatti Village Limits In Complainants House",12,2017
"Radderahatti Village Limits In Complainants House, Radderahatti Village Limits In Complainants House",4,2018
"Satti Village limits near complainant's house, Satti Village limits near complainant's house",6,2018
"Madabanvi Village in the complainant's house, Madabanvi Village in the complainant's house",10,2018
"Athani Town Limits Deshapande Nagar In, Athani Town Limits Deshapande Nagar In",12,2018
"Shirur Village Limits In Complainants House, Shirur Village Limits In Complainants House",12,2019
"Athani Town  Vikrampur Complainant House, Athani Town  Vikrampur Complainant House",8,2021
"Athani Town Gasti Plot, Athani Town Gasti Plot",6,2023
"Athani Chamakeri Maddi, Athani Chamakeri Maddi",9,2023
"MAKANDAR GALLI, MAKANDAR GALLI",4,2016
"SANGOLLI VILLAGE, SANGOLLI VILLAGE",10,2016
"SANGOLLI VILLAGE, SANGOLLI VILLAGE",9,2018
"BAILHONGAL & MAHARASHTRA RATNAGIRI NEAR ADIVVER, BAILHONGAL & MAHARASHTRA RATNAGIRI NEAR ADIVVER",9,2019
"BEDROOM OF THE ACCUSED HOUSE KENGANUR VILLAGE, BEDROOM OF THE ACCUSED HOUSE KENGANUR VILLAGE",7,2020
"BAILHONGAL LIMITS, BAILHONGAL LIMITS",12,2020
"BAILHONGAL BELAGAVI ROAD NEAR KALMESHWAR, BAILHONGAL BELAGAVI ROAD NEAR KALMESHWAR",2,2021
"Bailhongal City Limits, Bailhongal City Limits",5,2022
"Amatur Bevinakoppa Between Road side Land, Amatur Bevinakoppa Between Road side Land",1,2023
"Gollara Oni Bailahongal, Gollara Oni Bailahongal",5,2023
"KARAGAV VILLAGE LIMITS, KARAGAV VILLAGE LIMITS",8,2019
"Bidarolli, Bidarolli",11,2019
"Rajeev Nagar, Rajeev Nagar",5,2020
"CHIKKODI TOWN AND SAHYADRI NAGAR BELAGAVI, CHIKKODI TOWN AND SAHYADRI NAGAR BELAGAVI",9,2020
"Vodafone Office Near Mirji Petrol Pump, Vodafone Office Near Mirji Petrol Pump",9,2021
"AP KABBUR, AP KABBUR",2,2022
"Kavatagi math nagar Chikkodi, Kavatagi math nagar Chikkodi",2,2023
"JODAKURALI AND SANKESHWAR, JODAKURALI AND SANKESHWAR",4,2023
"Complaint House At: Budihal, Complaint House At: Budihal",9,2021
"Behind Complaint House At: Govanakoppa, Behind Complaint House At: Govanakoppa",8,2023
"Kallolli Limits, Kallolli Limits",9,2017
"At Mallapur PG, At Mallapur PG",6,2018
"At Arabhavi, At Arabhavi",2,2019
"At Singalapur, At Singalapur",3,2020
"At Shindikurabet, At Shindikurabet",7,2020
"Duradundi Limit,s, Duradundi Limit,s",10,2021
"Shingalapur Limits, Shingalapur Limits",2,2022
"Savalagi Limits, Savalagi Limits",3,2022
"Ghataprabha Limit,s, Ghataprabha Limit,s",3,2022
"Mallapur PG Limit,s, Mallapur PG Limit,s",3,2022
"JAMANAL VILLAGE, JAMANAL VILLAGE",8,2016
"Mamadapur Village Limits., Mamadapur Village Limits.",12,2016
"VALMIKINGAR GOKAK FALLS, VALMIKINGAR GOKAK FALLS",1,2018
"KONNUR VILLAGE, KONNUR VILLAGE",11,2018
"Hirenandi village limits victim Home, Hirenandi village limits victim Home",2,2020
"Nabapur village, Nabapur village",6,2020
"Upparahatti village limits, Upparahatti village limits",6,2020
"At Maradishivapur, At Maradishivapur",9,2021
"GURUVAR PETH MOMINGALLI, GURUVAR PETH MOMINGALLI",8,2016
"BASAVEWAR CIRCLE, BASAVEWAR CIRCLE",8,2017
"BASAVA NAGAR GOKAK, BASAVA NAGAR GOKAK",1,2019
"GHODAGERI HOSPITLA BEHIND KABBUR HOUSE, GHODAGERI HOSPITLA BEHIND KABBUR HOUSE",2,2020
"Maratha Galli Badiger House Gokak, Maratha Galli Badiger House Gokak",3,2020
"Gokak APMC Rented house of Copmplainant, Gokak APMC Rented house of Copmplainant",6,2021
"Gokak City limits Adityanagar, Gokak City limits Adityanagar",9,2023
"KHANADAL VILLAGE LIMITS, KHANADAL VILLAGE LIMITS",2,2016
"HIDAKALVILLAGE, GANDHI NAGAR, HIDAKALVILLAGE, GANDHI NAGAR",9,2016
"KHANADAL LIMITS, KHANADAL LIMITS",4,2018
"ALAKHANUR VILLEG AND INGALI VILLAGE, ALAKHANUR VILLEG AND INGALI VILLAGE",7,2018
"RAIBAG,HIDAKAL, BYAKUD VILLAGE, RAIBAG,HIDAKAL, BYAKUD VILLAGE",4,2020
"BENGALURU LIMIT & HARUGERI, YAMAHA SHOWROOM, BENGALURU LIMIT & HARUGERI, YAMAHA SHOWROOM",4,2021
"GHATANATTI CROSS, ATHANI ROAD, DHARWAD CITY LIMITS, GHATANATTI CROSS, ATHANI ROAD, DHARWAD CITY LIMITS",10,2021
"KOTABAGI VILLAGE LIMITS, KOTABAGI VILLAGE LIMITS",5,2018
"HUKKERI GANDHI NAGAR, HUKKERI GANDHI NAGAR",4,2019
"LOKUR VILLAGE LIMITS, LOKUR VILLAGE LIMITS",8,2018
"CHUNCHANUR VILLAGE AREA, CHUNCHANUR VILLAGE AREA",8,2017
"KHANAPET VILLAGE AREA, KHANAPET VILLAGE AREA",7,2019
"Godachi Village LImits Near Janata Plat Back Side, Godachi Village LImits Near Janata Plat Back Side",12,2019
"CHIPPALAKATTI VILLAGE LIMITS INFRONT OF, CHIPPALAKATTI VILLAGE LIMITS INFRONT OF",3,2021
"SALAHALLI (BUDANUR) VILLAGE LIMITS, SALAHALLI (BUDANUR) VILLAGE LIMITS",3,2022
"NARASAPUR VILLAGE, NARASAPUR VILLAGE",3,2022
"Narasapur Village in complainant house, Narasapur Village in complainant house",11,2023
"PANDURANG BHARANAKAR LAND KUSAMALLI VILLAGE LIMITS, PANDURANG BHARANAKAR LAND KUSAMALLI VILLAGE LIMITS",1,2016
"AT/ MANTORGA VILLAGE  IN VICTIM HOUSE, AT/ MANTORGA VILLAGE  IN VICTIM HOUSE",11,2017
"MANTURGA VILLAGE LIMTIS, MANTURGA VILLAGE LIMTIS",2,2019
"AT /UCHAWADE VILLAGE LIMITS, AT /UCHAWADE VILLAGE LIMITS",4,2019
"BOOTNATH TEMPLE GANEBAIL, BOOTNATH TEMPLE GANEBAIL",5,2019
"AT DEVARAYI VILLAGE LIMITS RAILWAY UNDER BRIDGE, AT DEVARAYI VILLAGE LIMITS RAILWAY UNDER BRIDGE",1,2020
"KAMASINAKOPPA VILLAGE, KAMASINAKOPPA VILLAGE",5,2020
"Complainanat Home, Theerthakunde Village, Complainanat Home, Theerthakunde Village",8,2020
"AT: KATAGALI VILLAGE LIMITS SURVY NO 29/2, AT: KATAGALI VILLAGE LIMITS SURVY NO 29/2",6,2021
"AT: SANGARAGALI VILLAGE LIMITS, AT: SANGARAGALI VILLAGE LIMITS",6,2021
"Lokamany Mangala karyralaya, Lokamany Mangala karyralaya",12,2023
"HUNSHIKATTI, HUNSHIKATTI",7,2016
"Kulavalli Limits, Kulavalli Limits",2,2018
"UGARKOD VILLAGE LIMITS, UGARKOD VILLAGE LIMITS",3,2020
"Amarapu Limits In Complainant's House, Amarapu Limits In Complainant's House",7,2021
"At-Kittur Near Sayi Mandir, At-Kittur Near Sayi Mandir",4,2023
"Hosa kadrolli village incomplaint  home, Hosa kadrolli village incomplaint  home",2,2024
"AT- SOMAVAR PETE  NEKAR ONI  KITTUR  COMPLAINANT, AT- SOMAVAR PETE  NEKAR ONI  KITTUR  COMPLAINANT",2,2024
"Morab Village Limits, Morab Village Limits",5,2017
"Khemalapur Village Limits, Khemalapur Village Limits",2,2018
"Kudachi Town Limits Hanje Colony, Kudachi Town Limits Hanje Colony",7,2018
"Kudachi Village Limits Near Govt Hospitel, Kudachi Village Limits Near Govt Hospitel",1,2021
"Kudachi Town Near Masaheba Darga, Kudachi Town Near Masaheba Darga",8,2021
"Suttatti Village Limits, Suttatti Village Limits",2,2022
"At: Kemmanakol Village Limits, At: Kemmanakol Village Limits",9,2016
"MANNIKERI, MANNIKERI",1,2020
"Kemmankol Village Limits, Kemmankol Village Limits",11,2023
"At Gujanatti, At Gujanatti",1,2016
"Mudalagi Limits, Mudalagi Limits",7,2017
"At Jokanatti Limits, At Jokanatti Limits",9,2017
"Mudalagi Limits, Mudalagi Limits",5,2021
"A/P NAGANUR, A/P NAGANUR",10,2021
"MUDALAGI VILLAGE LIMITS, MUDALAGI VILLAGE LIMITS",1,2023
"Subbapur Village Limits In Forest Land Near, Subbapur Village Limits In Forest Land Near",10,2016
"Nugganatii Village in Complainant house, Nugganatii Village in Complainant house",1,2017
"Mugalihal Village Limits in Compainent Home, Mugalihal Village Limits in Compainent Home",2,2017
"Halki Village in accused Suresh Basanagouda Goudar, Halki Village in accused Suresh Basanagouda Goudar",9,2018
"JALIKATTI VILLAGE LIMITS, JALIKATTI VILLAGE LIMITS",12,2019
"Yaragatti Village Limits, Yaragatti Village Limits",12,2020
"INCHAL VILLAGE IN ACCUSED HOTEL, INCHAL VILLAGE IN ACCUSED HOTEL",4,2021
"SATTIGERI VILLAGE LIMITS, SATTIGERI VILLAGE LIMITS",5,2021
"Kotur Village Limits In Accused Home, Kotur Village Limits In Accused Home",6,2021
"KORAKOPPA VILLAGE LIMITS LAND, KORAKOPPA VILLAGE LIMITS LAND",11,2021
"Madamageri Village in Complaint Home, Madamageri Village in Complaint Home",4,2023
"Sattigeri Village Limits Near Lake, Sattigeri Village Limits Near Lake",9,2023
"Mugalihal Village in Mutteppa katti land, Mugalihal Village in Mutteppa katti land",9,2023
"Akkisagar Village in Complainant House, Akkisagar Village in Complainant House",12,2023
"Yaragatti Town in Complaint Rent Home, Yaragatti Town in Complaint Rent Home",2,2024
"SURAPUR-KERAWAD(HIDAKAL)VILLEGE LIMIT, SURAPUR-KERAWAD(HIDAKAL)VILLEGE LIMIT",9,2016
"GUNDENATTI, GUNDENATTI",8,2018
"KAKKERI  VILLEGE, KAKKERI  VILLEGE",9,2018
"ITAGI VILLAGE LIMITS  KALASANATTI ONI, ITAGI VILLAGE LIMITS  KALASANATTI ONI",4,2019
"AT/ AVAROLLI VILLAGE, COMPLAINT HOUSE, AT/ AVAROLLI VILLAGE, COMPLAINT HOUSE",12,2022
"AT:BEEDI VILLAGE LIMITS, AT:BEEDI VILLAGE LIMITS",4,2023
"MURAKIBHAVI VILLAGE LIMITS, MURAKIBHAVI VILLAGE LIMITS",4,2016
"NAGANOOR VILLAGE,, NAGANOOR VILLAGE,",4,2017
"HANABARATTI VILLAGE LIMITS-HANABARATTI, HANABARATTI VILLAGE LIMITS-HANABARATTI",5,2017
"MEKALAMARDI & BAILHONGAL, MEKALAMARDI & BAILHONGAL",12,2018
"AT MALLAPUR, AT MALLAPUR",2,2022
"AT-BELAGAVI CITY S K LODGE, AT-BELAGAVI CITY S K LODGE",2,2024
"AKKOL VILLAGE, AKKOL VILLAGE",11,2020
"BENDAWAD VILLAGE LIMITS, BENDAWAD VILLAGE LIMITS",3,2016
"NEW DIGGEWADI VILLAGE LIMITS, NEW DIGGEWADI VILLAGE LIMITS",5,2016
"MAJALATTI TQ CHIKODI AND KANKANAWADI TQ RAIBAG, MAJALATTI TQ CHIKODI AND KANKANAWADI TQ RAIBAG",1,2017
"NIPANAL VILLAGE DHANIR THOTA, NIPANAL VILLAGE DHANIR THOTA",3,2017
"OLD DIGGEWADI, OLD DIGGEWADI",5,2017
"MADALAGI, MADALAGI",1,2018
"BENDWAD VILLAGE AREA BENDWAD TO MAMADAPUR ROAD, BENDWAD VILLAGE AREA BENDWAD TO MAMADAPUR ROAD",12,2019
"MADALAGI VILLAGE, MADALAGI VILLAGE",1,2020
"NIDAGUNDI VILLAGE LIMITS, NIDAGUNDI VILLAGE LIMITS",1,2020
"Nipanal Village Limits, Nipanal Village Limits",3,2020
"Jodatti Village Limits, Jodatti Village Limits",5,2020
"Devapurahatti Village Limits, Devapurahatti Village Limits",6,2020
"AT Byakud Govt Higher Primary School, AT Byakud Govt Higher Primary School",10,2020
"AT SUGAR CANE LAND OF  RAMAPPA PARASAPPA MELAVANKI, AT SUGAR CANE LAND OF  RAMAPPA PARASAPPA MELAVANKI",9,2021
"AT Nipanal Village Accused Farm House, AT Nipanal Village Accused Farm House",4,2022
"IN COMPLANANT HOUSE OBALAPUR VILLAGE, IN COMPLANANT HOUSE OBALAPUR VILLAGE",2,2017
"UMATAR VILLAGE LIMITS KISTAPPA SALAPUR LAND, UMATAR VILLAGE LIMITS KISTAPPA SALAPUR LAND",4,2017
"COMPLANENT HOUSE HIREMULANGI VILLAGE, COMPLANENT HOUSE HIREMULANGI VILLAGE",4,2017
"NAGANUR VILLAGE, NAGANUR VILLAGE",5,2017
"HOSKERI VILLAGE LIMITS, HOSKERI VILLAGE LIMITS",7,2017
"ACCUSED HOUSE HALAGATTI VILLAGE, ACCUSED HOUSE HALAGATTI VILLAGE",1,2019
"PRAKASH BASAPPA SANGANNAVAR LAND KADLIKOPPA, PRAKASH BASAPPA SANGANNAVAR LAND KADLIKOPPA",1,2019
"Karadigudda Village In Accused House, Karadigudda Village In Accused House",12,2021
"A/P SARATHAK LODGE ;BORAGAON   LIMETS, A/P SARATHAK LODGE ;BORAGAON   LIMETS",12,2019
"BEDAKIHAL VILLAGE LIMITS, BEDAKIHAL VILLAGE LIMITS",12,2023
"Shippur Village limits Satyavati Lodge,other place, Shippur Village limits Satyavati Lodge,other place",10,2016
"Buruda galli Sankeshwar, Buruda galli Sankeshwar",12,2016
"Kamatnur, Kamatnur",3,2017
"Ankale, Ankale",7,2017
"Kanagala Limits, Kanagala Limits",10,2017
"Gavanal Limits, Gavanal Limits",4,2021
"Sankeshwar Town Limits, Sankeshwar Town Limits",1,2022
"Kochari Village Limits Complainant House, Kochari Village Limits Complainant House",11,2022
"NEAR GADHINGLAJ CROSS, NEAR GADHINGLAJ CROSS",4,2023
"Hirekumbi Limits In Ramanna Badiger Land, Hirekumbi Limits In Ramanna Badiger Land",10,2016
"C/O SHASHAMMA PATTANSHETTY, C/O SHASHAMMA PATTANSHETTY",2,2017
"Yalamanagudda Tanda In the House of, Yalamanagudda Tanda In the House of",3,2017
"Near Swadi Math Savalbavi Oni, Near Swadi Math Savalbavi Oni",3,2017
"Gorabal Village, Gorabal Village",6,2018
"YADRANVI VILLAGE AREA HARANA HALLADALLI, YADRANVI VILLAGE AREA HARANA HALLADALLI",10,2020
"YALLAMMAGUDD AND KUMATA FOREST HEAD QUATERS, YALLAMMAGUDD AND KUMATA FOREST HEAD QUATERS",7,2021
"Katamalli Villege Limits Somappa Lamani Land, Katamalli Villege Limits Somappa Lamani Land",9,2022
"Chilbhavi Village LImits, Chilbhavi Village LImits",1,2016
"BEERANHOLI VILLAGE COMPLAINANT HOUSE, BEERANHOLI VILLAGE COMPLAINANT HOUSE",3,2016
"Back side of Samaj Mandir, Ghadhageri, Back side of Samaj Mandir, Ghadhageri",12,2017
"Yaragatti, Yaragatti",8,2018
"YAMAKANMARDI R C LIMITS COMPLENENT HOUSE, YAMAKANMARDI R C LIMITS COMPLENENT HOUSE",5,2019
"Katabali, Katabali",1,2020
"Islamapur Village, Islamapur Village",4,2023
"paschapur village limites, paschapur village limites",5,2023
"C/O JOSAPATH NO.102, 5TH MAIN ROAD,, C/O JOSAPATH NO.102, 5TH MAIN ROAD,",3,2016
"NO-15, 2ND STREET, 13TH CROSS,, NO-15, 2ND STREET, 13TH CROSS,",5,2016
"NO 252, 2ND FLOOR 15TH CROSS, NO 252, 2ND FLOOR 15TH CROSS",10,2016
"No: 23, 1st MAin Road, A-2 Block,, No: 23, 1st MAin Road, A-2 Block,",1,2017
"OYO ROOM NEAR FORM MALL,, OYO ROOM NEAR FORM MALL,",11,2017
"NO.01, 1ST FLOOR, 5TH CROSS, NANJAPPA LAYOUT, NO.01, 1ST FLOOR, 5TH CROSS, NANJAPPA LAYOUT",3,2018
"NO-157, 1ST CROSS, 2ND MAIN ROAD,, NO-157, 1ST CROSS, 2ND MAIN ROAD,",4,2019
"DEVEGOWDA BLOCK, DEVEGOWDA BLOCK",10,2019
"No-9/1,,1st floor, flat no-6, No-9/1,,1st floor, flat no-6",3,2022
"Athithi PG, Athithi PG",5,2023
"NO K21, DIAMOND DISTRICT APT, KODIHALLI, NO K21, DIAMOND DISTRICT APT, KODIHALLI",2,2016
"No.A1302, Tower 1, Ebony Godrej woodsman Estate, No.A1302, Tower 1, Ebony Godrej woodsman Estate",5,2016
"Shakeeb Khan House, Near watter tank, Shakeeb Khan House, Near watter tank",7,2017
"C/o Shivanna, Near Kadagadamma Temple,, C/o Shivanna, Near Kadagadamma Temple,",10,2018
"Kantharaj Building, Opp Vidya Mandir, Kantharaj Building, Opp Vidya Mandir",5,2019
"oppo B.G.S. School, 7th Main Road, oppo B.G.S. School, 7th Main Road",6,2019
"No-17, 3rd Street, Muneshwara Road, No-17, 3rd Street, Muneshwara Road",2,2020
"C/o Madhu House, C/o Madhu House",11,2020
"Amruthahalli, Amruthahalli",8,2021
"Geo Residency, FFB 2nd floor,, Geo Residency, FFB 2nd floor,",7,2023
"No-216, Ambedkar colony, No-216, Ambedkar colony",9,2023
"No.1320, 1st C main,, No.1320, 1st C main,",6,2017
"No.Nil, Janatha Colony, Near Venkateshwara Temple,, No.Nil, Janatha Colony, Near Venkateshwara Temple,",1,2019
"NO.765, 4TH CROSS, 02ND STAGE, NO.765, 4TH CROSS, 02ND STAGE",9,2019
"Rainbow Dance Class Annapoorneshwari nagar Main, Rainbow Dance Class Annapoorneshwari nagar Main",1,2020
"No.446, 5th Main, Vinayaka Layout,, No.446, 5th Main, Vinayaka Layout,",1,2020
"Shetty Proffessional Advisor Office,, Shetty Proffessional Advisor Office,",9,2020
"No.217, 3rd flore, 3rd main, ITI Layout,, No.217, 3rd flore, 3rd main, ITI Layout,",12,2020
"No Nil, 17th Cross, Behind Swapna Upahara Hotel, No Nil, 17th Cross, Behind Swapna Upahara Hotel",1,2022
"Manish House, Annpoorneshwari Nagar, Manish House, Annpoorneshwari Nagar",4,2022
"No 366, 7th Main, ITI Layout, No 366, 7th Main, ITI Layout",7,2022
"#1595, Behind Sollapuradamma Temple,D Group Layout, #1595, Behind Sollapuradamma Temple,D Group Layout",6,2023
"No-2412, 8th Main,, No-2412, 8th Main,",8,2023
"The Chancery Pavilian Hotel, The Chancery Pavilian Hotel",4,2016
"House No.4/2, Rosegarden, House No.4/2, Rosegarden",9,2016
"#67, Old cement lane, #67, Old cement lane",10,2016
"Bazar Street, Bazar Street",4,2017
"Neelasandra, Neelasandra",8,2017
"No.137, 6th Square, No.137, 6th Square",7,2018
"Room No 217, Pride Hotel, Room No 217, Pride Hotel",8,2018
"No.66,3rd Floor Raja Mudali Street, No.66,3rd Floor Raja Mudali Street",12,2018
"Near Makka Masjid, Bazaar Street, Neelasandra, Near Makka Masjid, Bazaar Street, Neelasandra",8,2019
"No.1, E-2 Block, Cement Line,Police Quaters, No.1, E-2 Block, Cement Line,Police Quaters",2,2020
"No 59/1,3rd Floor,Munegowda Garden,Neelasandra,, No 59/1,3rd Floor,Munegowda Garden,Neelasandra,",2,2021
"IRIS HOTEL,BRIGADE ROAD, IRIS HOTEL,BRIGADE ROAD",10,2021
"Sundar House, 8th Cross, Sundar House, 8th Cross",5,2022
"No.54/20-1, East Street Cross, Bangiyappa Garden, No.54/20-1, East Street Cross, Bangiyappa Garden",5,2022
"Markham Road, Markham Road",9,2022
"Near P V Bakery, Near P V Bakery",3,2017
"NO-21 BYRAVI NILAYA 1ST FLOOR NEAR KRISHNA BAKARY, NO-21 BYRAVI NILAYA 1ST FLOOR NEAR KRISHNA BAKARY",1,2018
"Ayyappa building, near auto stand., Ayyappa building, near auto stand.",11,2018
"NO-03 S.ENCLIVE 1ST CROSS 1ST MAIN, NO-03 S.ENCLIVE 1ST CROSS 1ST MAIN",1,2019
"NEAR SHANIMAHATHMA TEMPLE, NEAR SHANIMAHATHMA TEMPLE",11,2019
"Sudanese House, near Sapthagiri college, Sudanese House, near Sapthagiri college",1,2020
"No-148 1st cross,, No-148 1st cross,",4,2023
"No-2467, KG road,, No-2467, KG road,",6,2023
"No-Nill, 4th cross,, No-Nill, 4th cross,",12,2023
"No:37/B, 5th cross, siddeshwara layout, No:37/B, 5th cross, siddeshwara layout",12,2023
"Dwarakanagar and others places, Dwarakanagar and others places",11,2016
"CISF Ladies barrak, near country club, CISF Ladies barrak, near country club",3,2017
"Bandikodigehalli Village, Bandikodigehalli Village",9,2019
"Rajanna's house,Maralukunte Village, Rajanna's house,Maralukunte Village",2,2022
"Near Bellahalli Juction, Near Bellahalli Juction",4,2023
"No 359 8th Stage 4th phase, No 359 8th Stage 4th phase",3,2016
"No 554 10th cross 14th main Padhmanbhanagar, No 554 10th cross 14th main Padhmanbhanagar",8,2016
"Puttalingayya Main Road, Near, Puttalingayya Main Road, Near",1,2017
"No.660/9-1 11th Cross, 7th Block, No.660/9-1 11th Cross, 7th Block",4,2017
"#NA, Bhavani nagara, #NA, Bhavani nagara",8,2018
"YARAB NAGAR, YARAB NAGAR",12,2020
"No.372, Ground Floor, 5th Main, A Cross, No.372, Ground Floor, 5th Main, A Cross",6,2021
"#24, 4th Cross, 7th Main, Bhagirathinagar, #24, 4th Cross, 7th Main, Bhagirathinagar",11,2021
"No.13/2, Kantirava Road, No.13/2, Kantirava Road",1,2022
"Kacharakanahally, Kacharakanahally",1,2016
"NO 16, 16TH CROSS, MARIYAMMA KOIL STREET, NO 16, 16TH CROSS, MARIYAMMA KOIL STREET",2,2017
"Attitude counts talents school, No 2c-707,, Attitude counts talents school, No 2c-707,",4,2017
"14TH MAIN OILMILL ROAD NEAR TENDER CHICKEN, 14TH MAIN OILMILL ROAD NEAR TENDER CHICKEN",9,2017
"NO-13B,7TH CROSS,SADASHIVA TEMPLE ROAD, NO-13B,7TH CROSS,SADASHIVA TEMPLE ROAD",12,2017
"BANASWADI AREA, BANASWADI AREA",2,2018
"No-806,3rd Cross 8th Main Road HRBR Layout, No-806,3rd Cross 8th Main Road HRBR Layout",1,2019
"NO-/1, 1ST CROSS, A BLACK, NO-/1, 1ST CROSS, A BLACK",7,2019
"No.310, 8th Main, 1st Block, HRBR Layout, No.310, 8th Main, 1st Block, HRBR Layout",7,2019
"No-12, 1st Floor, Lakshmayya Reddy Road,, No-12, 1st Floor, Lakshmayya Reddy Road,",8,2019
"OYO SERVICE APPARTMENT, OYO SERVICE APPARTMENT",8,2019
"SANJU HOUSE 2ND FLR,2ND HOUSE BEHIND APP,NEAR KIN, SANJU HOUSE 2ND FLR,2ND HOUSE BEHIND APP,NEAR KIN",4,2021
"Behind Kammanahalli Church, Behind Kammanahalli Church",8,2021
"No.441, 4th B Cross, 7th C Main,, No.441, 4th B Cross, 7th C Main,",9,2021
"Accused Residence Kanakadas Lyt, Accused Residence Kanakadas Lyt",4,2023
"NO-NILL, 3RD CROSS, APPAJI VATARA, NO-NILL, 3RD CROSS, APPAJI VATARA",6,2019
"NO-21/22, A K RESIDENCY,, NO-21/22, A K RESIDENCY,",3,2020
"NO-650, 2ND MAIN, NO-650, 2ND MAIN",11,2020
"No-192, Near Muneshwara Temple, No-192, Near Muneshwara Temple",10,2021
"Royal International Hotel(OYO), Near Service Road, Royal International Hotel(OYO), Near Service Road",11,2023
"No 46,Saman Guest House R.V Road, No 46,Saman Guest House R.V Road",5,2019
"H.V.S. COURT, H.V.S. COURT",6,2017
"6TH CROSS DWARAKANAGARA, 6TH CROSS DWARAKANAGARA",12,2017
"#18/02,9TH CROSS,5TH MAINBETTAMMA CIRCALE, #18/02,9TH CROSS,5TH MAINBETTAMMA CIRCALE",11,2020
"#78, 5TH MAIN ROAD, THYAGARAJNAGAR, #78, 5TH MAIN ROAD, THYAGARAJNAGAR",2,2021
"SHRI RANGANATHA SWAMI NILAY NO 12 1ST MAIN, SHRI RANGANATHA SWAMI NILAY NO 12 1ST MAIN",7,2021
"NO 167/1 5TH MAIN ROAD, NO 167/1 5TH MAIN ROAD",8,2021
"NO 312 2ND MAIN ROAD 3RD STAGE KATRIGUPPE, NO 312 2ND MAIN ROAD 3RD STAGE KATRIGUPPE",10,2021
"SFO Hotel, SFO Hotel",2,2022
"NO 110/17 3RD STAGE 2ND MAIN ROAD DODDABASTHI ROAD, NO 110/17 3RD STAGE 2ND MAIN ROAD DODDABASTHI ROAD",5,2022
"2ND FLOOR GANGA BLOCK - 4  BDA LAYOUT, 2ND FLOOR GANGA BLOCK - 4  BDA LAYOUT",8,2022
"NEAR SIRASI CIRCLE MYSORE ROAD, NEAR SIRASI CIRCLE MYSORE ROAD",1,2023
"Oyo, 25121, BNS Lodge, Basavanagudi, Oyo, 25121, BNS Lodge, Basavanagudi",3,2023
"#36, Olive Heights, Ranaji Rao Road,, #36, Olive Heights, Ranaji Rao Road,",4,2023
"NO.527, 8TH CROSS, PRAGATHIPURA,, NO.527, 8TH CROSS, PRAGATHIPURA,",7,2023
"# The Park slop Hotel,, # The Park slop Hotel,",7,2023
"Flot No. 311, 1 st floor, 4 th main, 1 st stage,, Flot No. 311, 1 st floor, 4 th main, 1 st stage,",11,2018
"# 365,Near Water Thnk,Basaveshwra Nagara, # 365,Near Water Thnk,Basaveshwra Nagara",12,2021
"No 1/1, 3rd main, Karnataka layout, No 1/1, 3rd main, Karnataka layout",11,2022
"Dejavoo resort, Dejavoo resort",8,2023
"No226, 5th cross, indira nagar, No226, 5th cross, indira nagar",8,2023
"No-1065, 3rd cross, 3rd main, NGOS Colony,, No-1065, 3rd cross, 3rd main, NGOS Colony,",12,2023
"Near Krishna Bhavan Hotel, Sharada Colony, Near Krishna Bhavan Hotel, Sharada Colony",1,2024
"NEAR GOVT. HOSPETAL, NEAR GOVT. HOSPETAL",10,2017
"AMITH KUMAR HOUSE IN NEW MICO LAYOUT, AMITH KUMAR HOUSE IN NEW MICO LAYOUT",9,2019
"PLOT NO-08, 56/16,3RD MAIN, PLOT NO-08, 56/16,3RD MAIN",11,2019
"P5-1203,SNN RAJ SERENITY, P5-1203,SNN RAJ SERENITY",1,2020
"INFANT SURESH HOUSE, 3RD CROSS, MICO LAYOUT,, INFANT SURESH HOUSE, 3RD CROSS, MICO LAYOUT,",11,2022
"Hongasandra Tentu , 9th Cross, Hongasandra Tentu , 9th Cross",11,2022
"Near Canara Bank, Shantipriya Layout, Near Canara Bank, Shantipriya Layout",8,2023
"JOSHI HOUSE, JOSHI HOUSE",5,2017
"C/O DURGA RAM BUILDING, C/O DURGA RAM BUILDING",7,2017
"LABOUR SHED, DODDAKANALLI, SARJAPUR ROAD, LABOUR SHED, DODDAKANALLI, SARJAPUR ROAD",8,2017
"c/o Gangappa house, near bus stand, c/o Gangappa house, near bus stand",9,2017
"KADUBISANAHALLI, NEAR NILAGIRI THOPU, KADUBISANAHALLI, NEAR NILAGIRI THOPU",3,2018
", ",3,2018
"FLAT NO-404, 4TH FLOOR, COLIVE CLOVER APPARTMENTS, FLAT NO-404, 4TH FLOOR, COLIVE CLOVER APPARTMENTS",1,2019
"4th FLOOR, NEAR CENTRAL MALL, 4th FLOOR, NEAR CENTRAL MALL",7,2019
"SNEHA MITTAL HOUSE, SNEHA MITTAL HOUSE",11,2019
"NO-NIL, NEAR LAKE VIEW TOWNSHIP PRESTIGE FERNS, NO-NIL, NEAR LAKE VIEW TOWNSHIP PRESTIGE FERNS",6,2020
"OYO PRIME ROSE SERVICE APARTMENT OPPOSITE CENTRAL, OYO PRIME ROSE SERVICE APARTMENT OPPOSITE CENTRAL",4,2022
"HAMILTON BLISS APARTMENT, HAMILTON BLISS APARTMENT",3,2023
"SUPRA DIAMOND GIRLS PG, SUPRA DIAMOND GIRLS PG",5,2023
"NEAR BAMBU BAZAR, NEAR BAMBU BAZAR",6,2017
"C/O KIRAN HOUSE, Q STREET, C/O KIRAN HOUSE, Q STREET",4,2018
"AEGIS  COMPANY  ST JOHN ROAD, NEAR SHREE CIRCLE, AEGIS  COMPANY  ST JOHN ROAD, NEAR SHREE CIRCLE",9,2019
"No- C-202 Rosory Apartment 1st Floor, No- C-202 Rosory Apartment 1st Floor",6,2021
"Pujanahalli Village, Pujanahalli Village",6,2018
", ",6,2019
"One House, 4th cross, Muneshwara Nagara, One House, 4th cross, Muneshwara Nagara",4,2016
"Keys Hotel,RoomNo-312,WhiteField,No-203,3rd floor,, Keys Hotel,RoomNo-312,WhiteField,No-203,3rd floor,",6,2016
"R K PHOTO STUDIO, OM SHAKTI LAYOUT, R K PHOTO STUDIO, OM SHAKTI LAYOUT",8,2016
"NO-1/1, 4TH CROSS, 1ST MAIN, NO-1/1, 4TH CROSS, 1ST MAIN",4,2017
"Bommanahalli Circle Bus Stop To Hosur Some One, Bommanahalli Circle Bus Stop To Hosur Some One",8,2017
"No.509, Sharavathi Appartment, 4th Cross, NGR L/o, No.509, Sharavathi Appartment, 4th Cross, NGR L/o",3,2019
"Opp Vinayak Medical, 11th Cross,, Opp Vinayak Medical, 11th Cross,",3,2019
"#408, 5th Floor, Prabhavathi Flazam Appartment, #408, 5th Floor, Prabhavathi Flazam Appartment",6,2019
"No.13/2,Venkateswara Nilaya,Munireddy House,, No.13/2,Venkateswara Nilaya,Munireddy House,",8,2019
"No.502, Kalyana Nilaya Apartment, 7th Cross Road, No.502, Kalyana Nilaya Apartment, 7th Cross Road",9,2021
"FLAT.NO.203, 2ND FLOOR, AISHWARYA APARTMENTS,, FLAT.NO.203, 2ND FLOOR, AISHWARYA APARTMENTS,",1,2022
"C/O Manohara, 7th Cross, Oni Road, OmShakti Layout, C/O Manohara, 7th Cross, Oni Road, OmShakti Layout",4,2023
"Virat Nagar Main Road, NGR Layout, Virat Nagar Main Road, NGR Layout",10,2023
"Kempegowda nagara, Kempegowda nagara",10,2017
"No.2A Kushi Niliya Sadhana School Behind, No.2A Kushi Niliya Sadhana School Behind",10,2017
"Anupama school road, Anupama school road",10,2018
"Herohalli, Herohalli",2,2019
"D Group layout,, D Group layout,",6,2019
"Sri Chakranagar Andrahalli near Prasanna, Sri Chakranagar Andrahalli near Prasanna",3,2020
"NO.833/35, Kempegowdanagara,, NO.833/35, Kempegowdanagara,",8,2021
"Near Karnataka Bank,, Near Karnataka Bank,",9,2021
"No nil, Kanaka Road, No nil, Kanaka Road",11,2021
"NO 73, 4TH CROSS,, NO 73, 4TH CROSS,",2,2022
"EMPTY PLACE,BASAVESHWARA LAYOUT, EMPTY PLACE,BASAVESHWARA LAYOUT",4,2022
"NO-06, Anjanaiah Temple Back Side, NO-06, Anjanaiah Temple Back Side",4,2023